Nascimento,Estado sanguíneo,Estado civil,Nacionalidade,Outros nomes,Título(s),Assinatura,Espécie,Gênero,Altura,Peso,Cor do cabelo,Cor dos olhos,Membros da família,Bicho-papão,Varinha,Patrono,Ocupação,Casa,Lealdade,Nome,Cor da pele,Romances,Morte,Cor das penas,Dono (s),Forma animaga,Cor do pelo,Título (s),Familiares
"6 de dezembro de 1928, Floresta do Deão[1]Sudoeste da Inglaterra, Grã-Bretanha",Parte humano (Meio-gigante),Solteiro[2],Inglês[1],"Hagger (por Grope)[3][4], Hagrid (pelo Trio e Professores de Hogwarts)","Professor, Guardião das Chaves e das Terras de Hogwarts",,Meio-Humano/Meio-Gigante,Masculino,"3,50cm[5]",131kg [5],Negros[6],Negros[7],"Sr. Hagrid (pai) †, Fridwulfa (mãe) †, Grope (meio-irmão materno), Pai de Grope (padrasto), Jim Hamilton (possível relação)",Lorde Voldemort[8],"40cm, Carvalho, Núcleo desconhecido",Nenhum[9],"Guardião das Chaves e das Terras de Hogwarts (1968-?), Professor de Trato das Criaturas Mágicas na Escola de Magia e Bruxaria de Hogwarts (1993-1995; 1996-?)", Grifinória[10],"Escola de Magia e Bruxaria de HogwartsGrifinória, Grifinória, Ordem da Fênix, Família Hagrid, Alvo Dumbledore, Harry Potter, Força-Tarefa do Estatuto de Sigilo",Rúbeo Hagrid,,,,,,,,,
Anterior a 1966 (provavelmente)[1],,Solteira (provavelmente)[2],Britânica ou irlandesa,,"Madame[3], Bibliotecária[3]",,Humana[3],Feminino[3],,,,,,Lorde Voldemort[6],Desconhecida[7],Não corpóreo[6],"Bibliotecária (desde antes de 1991)[3], Supervisora de estudos[8]",,"Escola de Magia e Bruxaria de Hogwarts[3]Biblioteca de Hogwarts[3], Biblioteca de Hogwarts[3]",Irma Pince,Cor de pergaminho[4],Argo Filch[5],,,,,,,
17 de outubro[1][2] de 1958 ou anteriormente[3],Meio-Duende[4],,Britânico ou irlandês[5][6],,"Professor, Doutor[7], Mestre de Feitiços, Maestro, Diretor de Casa da Corvinal[8], Campeão de Duelos[9] (anteriormente)",,Humana[10](ancestralidade Duende),Masculino[10],,,,,Ancestral duende,Lorde Voldemort[11],"Comprimento, madeira e núcleo desconhecidos",Incorpóreo[11][12],"Mestre de Feitiços em Hogwarts (anterior a 1975-?)[10], Diretor de Casa da Corvinal em Hogwarts (anterior a 1984-?), Condutor do Coro do Sapo em Hogwarts (anterior a 1987-?)", Corvinal[13],"Escola de Magia e Bruxaria de Hogwarts[10]Corvinal[13]Coro do Sapo[14][15][16][17], Corvinal[13], Coro do Sapo[14][15][16][17], Família Flitwick, Ordem da Fênix (durante a Batalha da Torre de Astronomia[13] e a Batalha de Hogwarts)[18], Armada de Dumbledore (durante a Batalha da Torre de Astronomia[13] e a Batalha de Hogwarts)[18]",Filio Flitwick,,,,,,,,,
"31 de julho de 1980[1], Godric's Hollow, Sudoeste da Inglaterra, Grã-Bretanha",Mestiço[2],Casado [3][4],Inglês,"O Menino que Sobreviveu [5][6][7][8], O Eleito[9][7][10][11][12][13][14][15][16][17][3], Senhor da Morte[18], Indesejável Nº1[19][20][21], Cicatriz (Observatório Potter)[22], O Menino que Mentiu (Profeta Diário)[23], Gregório Goyle (sob uso da Poção Polissuco)[24], Neville Longbottom[25], Barny Weasley (sob uso da Poção Polissuco)[26], Válter Dudley[27], Albert Runcorn (sob uso da Poção Polissuco)[19][20], Potinho[28][29][30] (por Pirraça e alunos da Sonserina), Potter Pirado[31][32][33][34] (por Pirraça), Bartholomew Mashingspoon[35], Roonil Wazlib[36], Parry Otter (por Horácio Slughorn)[15]","Campeão Tribruxo, Apanhador, Capitão de Quadribol, Senhor da Morte",,Humana[5],Masculino,,,Negro[37][38],Verdes[38],"Ignoto Peverell[39]  (ancestral paterno) †, Linfred de Stinchcombe[40] (ancestral paterno) †, Tiago Potter[41] (pai) †, Lílian Potter[41] (nascida Evans) (mãe) †, Fleamont Potter[40] (avô paterno) †, Euphemia Potter[40] (avó paterna) †, Sr. Evans[41] (avô materno) †, Sra. Evans[41] (avó materna) †, Petúnia Dursley[41] (nascida Evans) (tia) †, Válter Dursley[41] (tio), Duda Dursley[41] (primo), Sra. Dursley[42] (prima), Filho de Duda[42] (primo), Gina Potter[39] (nascida Weasley) (esposa), Tiago Sirius Potter[39] (filho), Alvo Severo Potter[39] (filho), Lílian Luna Potter[39] (filha), Arthur Weasley[39] (sogro), Molly Weasley[39] (nascida Prewett) (sogra), Rony Weasley[39] (cunhado), Hermione Granger[39] (cunhada), Rosa Granger-Weasley[39] (sobrinha), Hugo Granger-Weasley[39] (sobrinho), Fred Weasley[39] (cunhado) †, Jorge Weasley[39] (cunhado), Angelina Weasley[39] (nascida Johnson) (cunhada), Fred Weasley II[43] (sobrinho), Roxanne Weasley[43] (sobrinha), Gui Weasley[39] (cunhado), Fleur Weasley[39] (nascida Delacour) (cunhada), Victoire Weasley[44] (sobrinha), Dominique Weasley[43] (sobrinha), Louis Weasley[43] (sobrinho), Carlinhos Weasley[39] (cunhado), Percy Weasley[39] (cunhado), Audrey Weasley[39] (cunhada), Molly Weasley[43] (sobrinha), Lucy Weasley[43] (sobrinha), Tom Riddle[39] (primo distante) †, Família Potter[41], Família Fleamont[40] (ancestrais paternais)",Dementador[45],"Vinte e oito centímetros, azevinho e pena de cauda de fênix, Vinte e cinco centímetros, videira e fibra de coração de dragão (temporariamente), Vinte e cinco centímetros, espinheiro-negro e pelo de unicórnio (temporariamente), Vinte e cinco centímetros, pilriteiro e pelo de unicórnio (temporariamente), Trinta e oito centímetros, sabugueiro e pelo de testrálio (temporariamente)",Cervo[46],"Chefe da Seção dos Aurores[47] (anteriormente), Palestrante convidado de Defesa Contra as Artes das Trevas[48], Chefe do Departamento de Execução das Leis da Magia[49]", Grifinória[50],"Família Weasley, Alvo Dumbledore, Armada de Dumbledore, Ordem da Fênix, Escola de Magia e Bruxaria de HogwartsGrifinóriaTime de Quadribol da GrifinóriaClube do Slugue[10]Clube de Poções[51], Grifinória, Time de Quadribol da Grifinória, Clube do Slugue[10], Clube de Poções[51], Ministério da Magia BritânicoSeção dos AuroresDepartamento de Execução das Leis da Magia, Seção dos Aurores, Departamento de Execução das Leis da Magia, F.A.L.E.",Harry Tiago Potter,Clara,"Cho Chang (ex-namorada), Gina Weasley (esposa)",,,,,,,
Antes de 1991,,,,,,,Coruja-das-neves,Feminino,,,,Âmbar,,,,,,,"Harry Potter, Empório de Corujas, Corujal de Hogwarts",Edwiges,,,27 de julho de 1997Inglaterra,Brancas,Harry Potter,,,,
1984 ou antes,,,,,,,Gato,Feminino,,,,"Saltados como lâmpadas, iguais ao de Filch",,,,,,,"Escola de Magia e Bruxaria de Hogwarts, Argo Filch",Madame Nor-r-ra,,,,,Argo Filch,,,,
31 de Julho de 1965,,,Britânica,,,,,,,,Loiro,Azuis,"Anne Rowling (nascida Volant) (mãe) †, Peter James Rowling (pai), Dianne Rowling (irmã), Roger Moore (cunhado), Neil Murray (marido), Jessica Isabel Arantes (filha), David Gordon Rowling-Murray (filho), Mackenzie Jean Rowling-Murray (filha), Jorge Arantes (ex-marido), Ernest Rowling (avô paterno), Kathleen Rowling (avó paterna) †, Stanley Volant (avô materno), Frieda Volant (avó materna)",,,,"Escritora, Produtora de Cinema",,,Joanne  Rowling,,,,,,,,,
1959,Trouxa,Casada,,,,,Humana,Feminino,,,Loiro (castanhos nos filmes),,"Sr. Evans (pai) †, Sra. Evans (mãe) †, Lílian Potter (nascida Evans) (irmã) †, Válter Dursley (marido), Guida Dursley (cunhada), Sra. Dursley (sogra), Tiago Potter I (cunhado) †, Duda Dursley (filho), Harry Potter (sobrinho), Sra. Dursley (nora), Netos, Gina Potter (nascida Weasley) (niece-in-law), Tiago Potter II (sobrinho-neto), Alvo Potter (sobrinho-neto), Lílian Luna Potter (sobrinha-neta)",,,,,,"Família Evans, Família Dursley",Petúnia Dursley (nascida Evans),Branca,,1997 (38 anos),,,,,,
,Aborto,"Casada, divorciada ou viúva[1]",,,,,Humana,Feminino,,,Grisalhos,,,,,,Revendedora de híbridos entre Gatos e Amassos[2],,"Alvo Dumbledore, Ordem da Fênix",Arabella Dora Figg,,,,,,,,,
Antes de 1990,,,Britânico[2],,,,Duende[2],Masculino[2],,,,Pretos[3],,Lorde Voldemort[4],,,Empregado do Gringotes[2],,Gringotes[2],Grampo,Pálida[3],,"1 de maio de 1998Mansão Malfoy, Wiltshire, Inglaterra[1]",,,,,,
"5 de junho de 1980[1], Grã-Bretanha[2]",Sangue puro[1],Viúvo[3],Britânico[2],"Malfoy, Fantástica doninha quicante (por Rony Weasley)[4]","Monitor, Apanhador",     ,"Humano, Fuinha (brevemente)[5]",Masculino,,,Louro-branco[6],Cinzentos[7][8],"Armand Malfoy (ancestral paternal) †, Nicholas Malfoy (ancestral paternal) †, Lúcio Malfoy I (ancestral paternal) †, Bruto Malfoy (ancestral paternal) †, Septimus Malfoy (ancestral paternal) †, Abraxas Malfoy (avô paterno) †, Cygnus Black III (avô materno) †, Druella Black (nascida Rosier) (avó materna), Lúcio Malfoy II (pai), Narcisa Malfoy (nascida Black) (mãe), Belatriz Lestrange (nascida Black) (tia materna) †, Rodolfo Lestrange (tio materno), Delphini (prima), Andrômeda Tonks (nascida Black) (tia materna), Ted Tonks (tio) †, Ninfadora Lupin (nascida Tonks) (prima) †, Astória Malfoy (nascida Greengrass) (esposa) †, Escórpio Malfoy (filho), Dafne Greengrass (cunhada), Família Malfoy, Casa dos Black (família materna), Família Greengrass (sogros)",Lorde Voldemort[10],"Vinte e cinco centímetros, pilriteiro, pelo de unicórnio e razoavelmente flexível (anteriormente), Comprimento, madeira e núcleo desconhecidos (temporariamente), Trinta e oito centímetros, sabugueiro e pelo de Testrálio (nunca usada)",Nenhum[11][12],, Sonserina[13],"Família Malfoy, Casa dos Black, Família Greengrass, Escola de Magia e Bruxaria de HogwartsSonserinaTime de Quadribol da SonserinaBrigada Inquisitorial (anteriormente)Gangue de Draco Malfoy (anteriormente), Sonserina, Time de Quadribol da Sonserina, Brigada Inquisitorial (anteriormente), Gangue de Draco Malfoy (anteriormente), Comensais da Morte (anteriormente), Lorde Voldemort (anteriormente), Ministério da Magia Britânico",Draco Lúcio Malfoy,Pálida[9][6],"Astória Greengrass (esposa) †, Pansy Parkinson (ex-namorada)",,,,,,,
30 de julho de 1980[1][2]Grã-Bretanha,Sangue puro[3],Casado,Britânico,,"Professor[4], Diretor da Casa Grifinória[5]",,Humana,Masculino,,,Louro[6],,"Franco Longbottom (pai), Alice Longbottom (mãe), Ana Abbott (esposa), Sr. Longbottom (avô paterno)[7] †, Augusta Longbottom (avó paterna), Algie Longbottom (tio avô)[7], Enid Longbottom (tia avó)[7], Harfang Longbottom (possível parentesco), Callidora Longbottom (nascida Black) (possível patentesco)",Severo Snape[8],"Varinha de seu pai (anteriormente), 33cm, Cerejeira e pelo de Unicórnio",Não-corpóreo[9],"Auror (anteriormente), Professor de Herbologia na Escola de Magia e Bruxaria de Hogwarts (década de 2010–?), Diretor da Casa Grifinória[5]", Grifinória[10],"Família Longbottom, Família Abbott, Escola de Magia e Bruxaria de HogwartsGrifinóriaDepartamento de HerbologiaClube do Slugue (brevemente), Grifinória, Departamento de Herbologia, Clube do Slugue (brevemente), Alvo DumbledoreOrdem da Fênix, Ordem da Fênix, Harry PotterArmada de Dumbledore, Armada de Dumbledore, Ministério da Magia BritânicoSeção dos Aurores (anteriormente), Seção dos Aurores (anteriormente), F.A.L.E.",Neville Longbottom,,,,,,,,,
23 de janeiro de 1960 ou antes,Mestiço,Solteiro,Britânico ou Irlandês,,Professor,,Humana,Masculino,,,,Azuis,,Lorde Voldemort,"22cm, Amieiro e corda de coração de dragão",Não corpóreo,"Professor de Estudo dos Trouxas (? - 1990), Professor de Defesa Contra as Artes das Trevas (1991 - 1992)",Corvinal,"Escola de Magia e Bruxaria de Hogwarts (antes)Corvinal, Corvinal, Lorde VoldemortComensais da Morte (indiretamente), Comensais da Morte (indiretamente)",Quirino Quirrell,Pálida,,"4 de junho de 1992Castelo de Hogwarts, Escócia, Grã-Bretanha",,,,,,
"1 de março de 1980, Ottery St. Catchpole, Devon, Inglaterra, Grã-Bretanha",Sangue puro[1],Casado[2],Inglês,"Rony (por família e amigos), Roniquinho (por Fred e Jorge Weasley), Vicente Crabbe[3] (sob uso da Poção Polissuco), Fuinha[4](por Draco Malfoy), Wheezy [5] (por Dobby), Uon-Uon[6][7] (por Lilá Brown), Harry Potter (sob efeito da Poção Polissuco)[8], Reg Cattermole (sob efeito da Poção Polissuco)[9], Stan Shunpike[10], Rei Banana[11](por Draco Malfoy), Barny Weasley[10], Dragomir Despard [12], Roonil Wazlib (devido a um erro de digitação causado por uma pena com defeito)[13]","Monitor[14], Goleiro[14]",     ,Humana[15],Masculino[15],,,Ruivo[16][17],Azuis[18],"Septimus Weasley (avô paterno) †, Cedrella Weasley (nascida Black) (avó materna) †, Sr. Prewett (avô paterno), Sra. Prewett (avó paterna), Arthur Weasley (pai), Molly Weasley (nascida Prewett) (mãe), Gui Weasley (irmão), Carlinhos Weasley (irmão), Percy Weasley (irmão), Fred Weasley (irmão) †, Jorge Weasley (irmão), Gina Potter (nascida Weasley) (irmã), Hermione Granger (esposa), Rosa Weasley[26] (filha), Hugo Weasley[26] (filho), Tessie (tia-avó), Gideão Prewett (tio materno) †, Fábio Prewett (tio materno) †, Abílio (tio) †, Tio, Primo, Tios paternos, Harry Potter (cunhado), Tiago Potter II (sobrinho), Alvo Potter (sobrinho), Lílian Potter (sobrinha), Fleur Weasley (nascida Delacour) (cunhada), Victoire Weasley (sobrinha), Dominique Weasley (sobrinha), Louis Weasley (sobrinho), Audrey Weasley (cunhada), Molly Weasley II (sobrinha), Lucy Weasley (sobrinha), Angelina Weasley (nascida Johnson) (cunhada), Fred Weasley II (sobrinho), Roxanne Weasley (sobrinha), Sr. Granger (sogro), Sra. Granger (sogra), Família Weasley, Casa dos Black (ancestrais distante)",Aragogue[27][28],"Trinta centímetros, freixo e pelo de unicórnio, Trinta e cinco centímetros, salgueiro e pelo de unicórnio, Vinte e dois centímetros, quebradiça e fibra de coração de dragão",Jack Russell Terrier[29],"Auror[30] (anteriormente), Sócio das Gemialidades Weasley [31]", Grifinória[32],"Família Weasley, Família Granger, Família Prewett, Família Potter, Armada de Dumbledore, Ordem da Fênix, Ministério da Magia BritânicoSeção dos Aurores, Seção dos Aurores, Escola de Magia e Bruxaria de HogwartsGrifinóriaTime de Quadribol da Grifinória, Grifinória, Time de Quadribol da Grifinória, F.A.L.E, Gemialidades Weasley, Canhões de Chudley",Ronald Abílio Weasley,Pálida[19][20][21][22][23][24][25],"Lilá Brown (ex-namorada), Hermione Granger (esposa)",,,,,,,
,Puro-sangue ou mestiço[3] (possivelmente),,,,,,Humano,Masculino,,,Grisalhos,,"Sra. Fudge (esposa), Rufo Fudge (sobrinho)",,Desconhecida,,"Minístro Junior do Departmento de Acidentes e Catástrofes Mágicas (antigamente), Ministro da Magia (antigamente), Conselheiro do Ministro, Mensageiro do Primeiro Ministro Trouxa (antigamente)",Corvinal,"Ordem de Merlim, Ministro da MagiaWizengamot, Wizengamot, Família Fudge, Escola de Magia e Bruxaria de Hogwarts",Cornélio Oswald Fudge,Clara,,,,,,,,
"9 de janeiro de 1960[1], Rua da Fiação, Cokeworth, Terras Médias, Inglaterra, Grã-Bretanha",Mestiço[3],Solteiro,Inglês,"Príncipe Mestiço[4], Ranhoso[5][6][7] (pelos Marotos), Sev[7] (por Lílian Evans), Mestre das Poções[8]","Professor[9], Diretor da Casa Sonserina (anteriormente), Diretor (anteriormente)",,Humana[9],Masculino[9],,,Preto[10][11],Preto[12][13],"Tobias Snape (pai), Eileen Snape (nascida Prince) (mãe)",Lorde Voldemort[14],"Comprimento, madeira e núcleo desconhecidos",Corça[7],"Mestre das Poções na Escola de Magia e Bruxaria de Hogwarts (1981–1996), Diretor da Casa Sonserina (1981–1997), Professor de Defesa Contra as Artes das Trevas na Escola de Magia e Bruxaria de Hogwarts(1996–1997)[15], Diretor de Hogwarts (1997-1998)", Sonserina,"Família Snape, Família Prince, Escola de Magia e Bruxaria de HogwartsSonserinaGangue de Sonserinos (anteriormente), SonserinaGangue de Sonserinos (anteriormente), Gangue de Sonserinos (anteriormente), Lorde Voldemort (anteriormente)Comensais da Morte (desertado), Comensais da Morte (desertado), Alvo DumbledoreOrdem da Fênix, Ordem da Fênix, Lílian Potter, Harry Potter",Severo Snape,Macilenta[10][11],Lílian Evans (Não correspondido),"2 de maio de 1998 (38 anos), Casa dos Gritos, Hogsmeade, Terras Altas, Escócia[2]",,,,,,
Entre 1 de setembro de 1979 a 31 de agosto de 1980,Sangue puro[1][2],Solteiro,Britânico ou irlandês[3],,Batedor[4],,Humana,Masculino,"1,65",,Preto,Castanhos,"Sr. Crabbe, Irma Crabbe (possível parente)",Lorde Voldemort[5],"Madeira, núcleo e comprimento desconhecidos",Nenhum[6][7],,Predefinição:Sonso rina casa,"Família Crabbe, Escola de Magia e Bruxaria de HogwartsSonserinaTime de quadribol da Sonserina[4]Brigada Inquisitorial[4], Sonserina, Time de quadribol da Sonserina[4], Brigada Inquisitorial[4], Gangue de Draco Malfoy(anteriormente), Lorde Voldemort, Comensais da Morte(não oficialmente)",Vicente Crabbe,Branco,,"2 de maio de 1998 (17/18 anos de idade), Sala Precisa, Castelo de Hogwarts, Terras Altas, Escócia, Grã-Bretanha",,,,,,
25 de setembro[1] de 1909 ou antes[2]Grã-Bretanha[3],Mestiço[1],,Britânica ou irlandesa,,,,Humana[4],Masculino[4],,,,Prateados[5],"Gervaise Olivaras (pai), Senhora Olivaras (mãe), Esposa, Filho, Filha †, Gerbold Olivaras (avô paterno), Olivaras (ancestral), Geraint Olivaras (ancestral), Família Olivaras",Lorde Voldemort[7],"Trinta e dois centímetros, choupo-branco, corda de coração de dragão[1]",Não corpóreo[7][8],Fabricante de varinhas[1],Corvinal[1],"Família Olivaras[1], Olivaras Varinhas[4], Escola de Magia e Bruxaria de Hogwarts[1]Corvinal[1], Corvinal[1], Harry Potter[4][9]",Garrick Olivaras,Branca[6],,,,,,,,
15 de maio de 1931 ou 1941[1],Sangue puro ou mestiça[2],,Britânica ou irlandesa[3],,"Professora[4], Diretora da Casa Lufa-Lufa[5][6], Mestra de Herbologia[7], Madame[8]",,Humana[4],Feminino[4],Baixa[4],,Grisalhos[7],,,Lorde Voldemort[10],"Comprimento, madeira e núcleo desconhecidos[11]",Não-corpóreo[10][12],"Herbologista[4], Diretora do Departamento de Herbologia na Escola de Magia e Bruxaria de Hogwarts[4] (após 1955-?[13], Diretora da Casa Lufa-Lufa na Escola de Magia e Bruxaria de Hogwarts[6] (antes de 1984-antes de 2014)[13]", Lufa-Lufa,"Escola de Magia e Bruxaria de Hogwarts[4]Departamento de HerbologiaLufa-Lufa, Departamento de Herbologia, Lufa-Lufa, Ordem da Fênix (durante a Batalha da Torre de Astronomia e a Batalha de Hogwarts), Armada de Dumbledore (durante a Batalha da Torre de Astronomia e a Batalha de Hogwarts)",Pomona Sprout,,Filio Flitwick (ex-namorado)[9],,,,,,,
"entre 1401 e 1475,[1]Grã-Bretanha ou Irlanda[2]",Nascido-trouxa[4] (possivelmente),,,,,,Fantasma[5],Masculino[5],,,Cinza[6],,,,Desconhecido,,Fantasma da Grifnória[5], Grifinória,"Corte de Henrique VII[7], Escola de Magia e Bruxaria de Hogwarts[5], Caça dos Sem Cabeças[5]",Nicholas de Mimsy-Porpington,Pálida[6],,31 de Outubro de 1492[3],,,,,,
"Até agosto[1][2] de 1881[3], Mould-on-the-Wold, Inglterra[4], Grã-Bretanha",Mestiço[6],Solteiro,Inglês,,"Monitor, Monitor-chefe, Professor[7], Diretor do Departamento de Transfiguração (anteriormente)[8], Diretor[7], Grande Feiticeiro[9], Cacique Supremo (anteriormente)[9], Bruxo Chefe[9]",     ,Humana[10],Masculino[10],"1,80[4]","76kg (1997)[4], 76kg (anteriormente, em 1932)[11]","Prateado[12], Acaju (anteriormente, em 1927)[13][14]",Azuis[15],"Percival Dumbledore (pai) †, Kendra Dumbledore (mãe) †, Aberforth Dumbledore (irmão), Ariana Dumbledore (irmã) †, Aurélio Dumbledore (sobrinho)[16], Honória (tia), Sr. Dumbledore (tataravô paterno) †[17], Família Dumbledore","O corpo de sua irmã, Ariana[18]","Comprimento, madeira e núcleo desconhecidos (anteriormente), 38cm, Sabugueiro e pelo de Trastrálio[3]",Fênix[19][20][21],"Professor de Defesa Contra as Artes das Trevas em Hogwarts (Década de 1910)[22], Diretor do Departamento de Transfiguração (?-pré 1955)[8], Colunista do Transfiguração Hoje (1926–?)[23], Diretor de Hogwarts (pré 1971[24]–1997), Cacique Supremo da Confederação Internacional dos Bruxos (?-1995)", Grifinória[25],"Família Dumbledore, Escola de Magia e Bruxaria de HogwartsGrifinória[25]Departamento de Transfiguração, Grifinória[25], Departamento de Transfiguração, Gerardo Grindelwald (anteriormente)[26], Ordem de Merlin, Primeira Armada de Dumbledore, Ordem da Fênix, Ministério da Magia BritânicoConselho das Leis da MagiaSuprema Corte dos Bruxos, Conselho das Leis da Magia, Suprema Corte dos Bruxos, Confederação Internacional dos Bruxos, Harry Potter, Armada de Dumbledore",Alvo Percival Wulfrico Brian Dumbledore,Clara[11],Gerardo Grindelwald (ex-amante),"30 de junho de 1997 (115 anos)[5][3], Torre de Astronomia, Castelo de Hogwarts, Terras Altas, Escócia, Grã-Bretanha",,,,,,
"27 de março de 1960[1], Inglaterra[2], Grã-Bretanha",Sangue puro[3][4],Casado,Inglês,Pontas (pelos Marotos)[5],"Artilheiro[6], Monitor-chefe[7]",,Humana[8],Masculino[8],,,Preto[9][10],Castanho-esverdeado[11],"Fleamont Potter[12] (pai) †, Euphemia Potter[12] (mãe) †, Lílian J. Potter (Evans) (esposa) †, Harry Potter (filho), Ginevra Potter (Weasley) (nora), Tiago Potter II (neto), Alvo Potter (neto), Lílian L. Potter (neta), Sr. Evans (sogro) †, Sra. Evans (sogra) †, Petúnia Dursley (nascida Evans) (cunhada) †, Válter Dursley (cunhado), Duda Dursley (sobrinho), Sra. Dursley (sobrinha), Henry Potter[12] (avô paterno) †, Hardwin Potter[12] (ancestral paterno) †, Iolanthe Potter[12] (Peverell) (ancestral paterno) †, Linfred de Stinchcombe[12] (ancestral paterno) †, Sr. Peverell (ancestral paterno) †, Ignoto Peverell[1] (ancestral paterno) †, Família Potter, Família Fleamont (ancestrais paternos), Família Peverell  (ancestrais paternos)",,"Vinte e oito centímetros, flexível, mogno e núcleo desconhecido[13]",Veado[14],, Grifinória[15],"Família Potter, Escola de Magia e Bruxaria de HogwartsGrifinóriaTime de quadribol da GrifinóriaMarotos, GrifinóriaTime de quadribol da GrifinóriaMarotos, Time de quadribol da Grifinória, Marotos, Família Evans, Alvo DumbledoreOrdem da Fênix, Ordem da Fênix",Tiago Potter,,Lílian J. Potter (esposa)[8] †,"31 de outubro de 1981 (21 anos), Godric's Hollow, Região Oeste, Inglaterra, Grã-Bretanha",,,Veado (não-registrado)[5],,,
"1 de abril de 1978, Grã-Bretanha[1]",Sangue puro[3],,Inglês,"Rodent (durante uma transmissão do Observatório Potter)[4], Rapier (durante uma transmissão do Observatório Potter)[4], Forge, Harry Potter (sob efeito da Poção Polissuco)[5], Fredinho (por Belatriz Lestrange[6] e Jorge Weasley)",Batedor[3],     ,Humana,Masculino,"Abaixo de 1,52 [7]",,Ruivo[8],,"Septimus Weasley (avô paterno) †, Cedrella Weasley (nascida Black) (avó materna) †, Sr. Prewett (avô paterno), Sra. Prewett (avó paterna), Arthur Weasley (pai), Molly Weasley (nascida Prewett) (mãe), Gui Weasley (irmão), Carlinhos Weasley (irmão), Percy Weasley (irmão), Jorge Weasley (irmão gêmeo mais novo), Gina Potter (nascida Weasley) (irmã), Fleur Weasley (nascida Delacour) (cunhada), Victoire Weasley (sobrinha), Dominique Weasley (sobrinha), Louis Weasley (sobrinho), Audrey Weasley (cunhada), Molly Weasley II (sobrinha), Lucy Weasley (sobrinha), Angelina Weasley (nascida Johnson) (cunhada), Fred Weasley II (sobrinho), Roxanne Weasley (sobrinha), Hermione Granger (cunhada), Rosa Granger-Weasley (sobrinha), Hugo Granger-Weasley (sobrinho), Harry Potter (cunhado), Tiago Potter II (sobrinho), Alvo Potter (sobrinho), Lílian Potter (sobrinha), Tessie (tia-avó), Gideão Prewett (tio materno) †, Fábio Prewett (tio materno) †, Abílio (tio) †, Tio, Primo, Tios paternos, Família Weasley, Casa dos Black (ancestrais distante)",Lorde Voldemort[9],"Comprimento, madeira e núcleo desconhecidos",Magpie[10],Co-proprietário das Gemialidades Weasley [11], Grifinória,"Família Weasley, Família Prewett, Escola de Magia e Bruxaria de HogwartsGrifinóriaTime de Quadribol da Grifinória, Grifinória, Time de Quadribol da Grifinória, Círculo de Khanna, Armada de Dumbledore, Ordem da Fênix, Gemialidades Weasley",Fred Weasley,Branca,,"2 de maio de 1998 (20 anos)Corredor do sétimo andar, Castelo de Hogwarts, Terras Altas, Escócia, Grã-Bretanha[2]",,,,,,
Antes de 1918,,Solteira,,,,,,,,,Grisalhos,Amarelos,,,,Não corpóreo,,,Escola de Magia e Bruxaria de Hogwarts,Rolanda Hooch,Branca,,,,,,,,
Entre 1 de setembro de 1975 a 31 de agosto de 1976,Puro-Sangue ou Mestiço (possivelmente),,Britânico ou Irlandês,,"Artilheiro, Capitão",,Humana,Masculino,,,,,"Ursula Flint (possível parente), Josephina Flint (possível parente), Família Flint",,,,, Sonserina,"Família Flint, Escola de Magia e Bruxaria de HogwartsSonserinaTime de Quadribol da Sonserina, Sonserina, Time de Quadribol da Sonserina",Marcos Flint,,,,,,,,,
1956,Aborto,,,,,,Humano,Masculino,,,Cinza,,,,Não Possui,,,,"Escola de Magia e Bruxaria de Hogwarts, Brigada Inquisitorial",Argo Filch,Pálida,,,,,,,,
Entre 1 de setembro de 1979 a 31 de agosto de 1980,Sangue puro[1],,Britânico ou irlandês[2],,Batedor[3],,Humana,Masculino,,,,,"Sr. Goyle (pai), Sra. Goyle (mãe)",Lorde Voldemort[4],"Madeira, núcleo e comprimento desconhecidos",Nenhum[5][6],, Sonserina,"Família Goyle, Escola de Magia e Bruxaria de HogwartsSonserinaTime de quadribol da Sonserina[3]Brigada Inquisitorial[3], Sonserina, Time de quadribol da Sonserina[3], Brigada Inquisitorial[3], Gangue de Draco Malfoy(anteriormente), Lorde Voldemort, Comensais da Morte(não oficialmente)",Gregório Goyle,,,,,,,,,
29 de maio de 1980,Mestiço[1],,Irlândes,O'Flaherty (por Cuthbert Binns) [2],Comentarista de Quadribol,,Humano,Masculino,,,Cor de palha [3],,"Sr. Finnigan (pai), Sra. Finnigan (mãe), Fergus (primo materno)",Espírito Agourento,"Comprimento, núcleo e madeira desconhecidos",Raposa,, Grifinória,"Armada de Dumbledore, Escola de Magia e Bruxaria de HogwartsGrifinória, Grifinória, Família Finnigan, Família Thomas, Seleção Irlandesa de Quadribol, Francelhos de Kenmare, Dino Thomas",Simas Finnigan,Pálida,,,,,,,,
23 de Junho de 1980[1],Trouxa,Casado,,,,,Humano,Masculino,,,Loiro[2],Azuis[2],"Válter Dursley (pai), Petúnia Dursley (mãe), Sra. Dursley (esposa), Sra. Dursley (avó materna), Guida Dursley (tia paterna), Sr. Evans (avô materno) †, Sra. Evans (avó materna) †, Lílian Potter (tia materna) †, Tiago Potter I (tio materno por casamento) †, Harry Potter (primo de primeiro grau materno), Ginevra Weasley (prima de primeiro grau materno)",,,,,,"Família Dursley, Família Evans, Academia Smeltings, sua gangue",Duda Dursley,Clara,,,,,,,,
"30 de janeiro de 1960[1], Cokeworth,[2] Terras Médias, Inglaterra, Grã-Bretanha",Nascida trouxa[3],Viúva (brevemente),Inglesa,,Monitora-chefe,,Humana,Feminino,,,Ruivo[4][5][6],Verde vivo[4][3],"Sr. Evans (pai) †, Sra. Evans (mãe) †, Petúnia Dursley (nascida Evans) (irmã) †, Tiago Potter (marido) †, Harry Potter (filho), Ginevra Potter (nascida Weasley) (nora), Tiago Potter II (neto), Alvo Potter (neto), Lílian L. Potter (neta), Fleamont Potter (sogro) †, Euphemia Potter (sogra) †, Válter Dursley (cunhado), Duda Dursley (sobrinho), Sra. Dursley (sobrinha), Família Evans, Família Potter","Comprimento, madeira e núcleo","Vinte e seis centímetros, farfalhante, salgueiro e núcleo desconhecido[7]",Corça[8],, Grifinória,"Família Evans, Escola de Magia e Bruxaria de HogwartsGrifinóriaClube do Slugue, Grifinória, Clube do Slugue, Família Potter, Ordem da FênixAlvo Dumbledore, Alvo Dumbledore",Lílian J. Potter (nascida Evans),,Tiago Potter (marido) †,"31 de outubro de 1981 (21 anos), Godric's Hollow, Região Oeste, Inglaterra, Grã-Bretanha",,,,,,
Antes de 1991,,,,,,,Cão de três cabeças,,,,,Castanhos,,,,,,,"Rúbeo Hagrid, Escola de Magia e Bruxaria de Hogwarts",Fofo,,,,,,,Castanhos,,
Grã-Bretanha ou Irlanda[1],,,,,,,"Retrato, Humana anteriormente",Feminino,,,Preto,Negros,,,,,,Grifinória,"Escola de Magia e Bruxaria de HogwartsGrifinóriaTorre da Grifnória, Grifinória, Torre da Grifnória",Mulher Gorda,Branca,,1960 ou anteriormente,,,,,,
"12 de Dezembro de 1972, Inglaterra, Grã-Bretanha",Puro-sangue,Solteiro,Britânico,-Carlinhos -Charlie,"Apanhador, Monitor da Grifinória",,,,,,Ruivo,Azuis,"Septimus Weasley (avô paternal), Cedrella Weasley (avó paternal), Sr. Prewett (avô maternal), Sra. Prewett (avó maternal), Bilius (tio) †, Gideon Prewett (Tio maternal) †, Fabian Prewett (Tio maternal) †, Tios Paternais, Arthur Weasley (pai), Molly Weasley (nascida Prewett) (mãe), Guilherme Weasley (irmão), Percy Weasley (irmão), Fred Weasley (irmão) †, Jorge Weasley (irmão), Ron Weasley (irmão), Ginevra Potter (nascida Weasley) (irmã), Fleur Weasley (nascida Delacour) (cunhada), Harry Potter (cunhado), Hermione Granger (cunhada), Audrey Weasley (cunhada), Angelina Weasley (nascida Johnson) (cunhada), Victoire Weasley (sobrinha), Dominique Weasley (sobrinha), Louis Weasley (sobrinho), Molly Weasley II (sobrinha), Lucy Weasley (sobrinha), Tiago Sirius Potter (sobrinho), Alvo Severo Potter (sobrinho), Lílian Luna Potter (sobrinha), Rosa Granger-Weasley (sobrinha), Hugo Granger-Weasley (sobrinho), Fred Weasley II (sobrinho), Roxanne Weasley (sobrinha), Família Black",,Primeira varinha de Ronald Weasley,,,Grifinória,"Ordem da Fênix, Família Weasley, Família Prewett, Escola de Magia e Bruxaria de HogwartsGrifinóriaTime de Quadribol da Grifinória, Grifinória, Time de Quadribol da Grifinória, Santuário de Dragões da Romênia, Círculo de Khanna",Carlinhos Weasley,Branca,,,,,,,,
"Entre outubro de 1975 a 31 de agosto de 1976[1], Escócia[2]",Sangue puro ou mestiço[3],,Britânico ou irlandês[4],,"Goleiro, Capitão de quadribol",,,,,,,,"Sr. Wood (pai), Sra. Wood (mãe), Aurora Wood (irmã)",Lorde Voldemort[5],"Madeira, núcleo e comprimento desconhecidos",,Goleiro reserva da União de Puddlemere, Grifinória,"Escola de Magia e Bruxaria de HogwartsGrifinóriaTime de Quadribol da Grifinória, Grifinória, Time de Quadribol da Grifinória, União de Puddlemere, Ordem da Fênix (durante a Batalha de Hogwarts), Armada de Dumbledore (durante a Batalha de Hogwarts)",Olívio Wood,,,,,,,,,
"1 de abril de 1978, Grã-Bretanha[1]",Sangue puro[2],Casado,Inglês,"Jred[2], Jorgie (por Molly Weasley), Harry Potter (sob efeito da Poção Polissuco)[3], Rodent (durante uma transmissão do Observatório Potter)[4]",Batedor[2],     ,Humana,Masculino,"Abaixo de 1,52 [5]",,Ruivo[6],,"Septimus Weasley (avô paterno) †, Cedrella Weasley (nascida Black) (avó materna) †, Sr. Prewett (avô paterno), Sra. Prewett (avó paterna), Arthur Weasley (pai), Molly Weasley (nascida Prewett) (mãe), Gui Weasley (irmão), Carlinhos Weasley (irmão), Percy Weasley (irmão), Fred Weasley (irmão gêmeo) †, Gina Potter (nascida Weasley) (irmã), Sr. Johnson (sogro), Angelina Weasley (nascida Johnson) (esposa)[7], Fred Weasley II (filho)[7], Roxanne Weasley (filha)[7], Tessie (tia-avó), Gideão Prewett (tio materno) †, Fábio Prewett (tio materno) †, Abílio (tio) †, Tio, Primo, Tios paternos, Harry Potter (cunhado), Tiago Potter II (sobrinho), Alvo Potter (sobrinho), Lílian Potter (sobrinha), Fleur Weasley (nascida Delacour) (cunhada), Victoire Weasley (sobrinha), Dominique Weasley (sobrinha), Louis Weasley (sobrinho), Audrey Weasley (cunhada), Molly Weasley II (sobrinha), Lucy Weasley (sobrinha), Hermione Granger (cunhada), Rosa Granger-Weasley (sobrinha), Hugo Granger-Weasley (sobrinho), Família Weasley, Casa dos Black (ancestrais distante)",Lorde Voldemort[8],"Comprimento, madeira e núcleo desconhecidos",Magpie[9],Co-proprietário das Gemialidades Weasley [10], Grifinória,"Família Weasley, Família Prewett, Escola de Magia e Bruxaria de HogwartsGrifinóriaTime de Quadribol da Grifinória, Grifinória, Time de Quadribol da Grifinória, Círculo de Khanna, Armada de Dumbledore, Ordem da Fênix, Gemialidades Weasley",Jorge Weasley,Branca,Angelina Johnson (esposa),,,,,,,
"31 de dezembro de 1926Londres, Inglaterra,[1] Grã-Bretanha",Mestiço,Solteiro,,,,,Humano,Masculino,,,"Pretos (primariamente, depois careca)",Pretos,"Mérope Gaunt (mãe) †, Tom Riddle Sr. (pai) †, Thomas Riddle (avô paterno) †, Mary Riddle (avó paterna) †, Morfino Gaunt (tio materno) †, Servolo Gaunt (avô materno) †, Corvino Gaunt (ancestral) †, Gormlaith Gaunt (parente distante) †, Rionach Gaunt (parente distante) †, Isolt Sayre (parente distante) †, Rionach Seward (parente distante) †, Martha Steward (prima distante) †, Cadmo Peverell (ancestral) †, Tiago Potter (primo distante) †, Harry Potter (primo distante), Tiago Potter II (primo distante), Alvo Potter (primo distante), Lílian Potter (prima distante), Salazar Slytherin (ancestral) †, Delphini (filha)",Seu próprio cadáver,"34,3 cm, teixo, núcleo de pena de fênix, 47,72 cm, olmo, núcleo de corda de coração de dragão, 38,1 cm, sabugueiro, núcleo de pelo de testrálio",Nenhum,,Sonserina,"Comensais da Morte, Escola de Magia e Bruxaria de HogwartsSonserinaClube do Slugue, Sonserina, Clube do Slugue, Borgin & BurkesSr. Borgin, Sr. Borgin, Família Riddle, Família Gaunt, Ministério da Magia Britânico",Tom Servolo Riddle,Pálida,Belatriz Lestrange,"2 de maio de 1998(71 anos)Salão Principal, Castelo de Hogwarts, Escócia, Grã-Bretanha",,,,,,
c. 1980,Trouxa[1],,Britânico[1],,,,Humano[1],Masculino[1],,,,,Sra. Polkiss (mãe)[1],,,,,,"Turma de Duda Dursley[1], Smeltings[2]",Pedro Polkiss,,,,,,,,,
"4 de outubro[1], Caithness, Escócia, Grã-Bretanha",Mestiça[1],Viúva (desde 1985),Escocesa,,"Monitora (Possivelmente), Monitora-Chefe, Madame[2], Professora[3](anteriormente), Professora de Transfiguração[3](anteriormente), Diretora de Casa da Grifinória[3](anteriormente), Vice-Diretora[3](anteriormente), Diretora[4]",     ,Humana[3],Feminino[3],,,Negro[5],,"Robert McGonagall Sr. (pai)[1], Isobel McGonagall (nascida Ross) (mãe)[1], Malcolm McGonagall (irmão)[1], Robert McGonagall Jr. (irmão) †[1], Elphinstone Urquart (marido) †[1], Sobrinhos[1], William McGonagall (possível ancestral paterno)[1], M. G. McGonagall (possível parente paterno)[1], Minerva (bisavó materna)[1], Sr. Ross (avô materno)[1], Sra. Ross (avó materna)[1]",Lorde Voldemort[8],"36 cm, Abeto e Corda de coração de dragão",Gato[9],"Funcionária do Departamento de Execução das Leis da Magia[1], Professora de Transfiguração na Escola de Magia e Bruxaria de Hogwarts[3], Diretora do Departamento de Transfiguração na Escola de Magia e Bruxaria de Hogwarts[3] (?-1998), Diretora da Casa Grifinória[3] (anterior a 1975-1998), Vice-Diretora da Escola de Magia e Bruxaria de Hogwarts[3] (? - 1998), Diretora da Escola de Magia e Bruxaria de Hogwarts[3] (1998-2020[10] (ou posteriormente))", Grifinória,"Família McGonagall[1], Família Urquart[1], Escola de Magia e Bruxaria de Hogwarts[3]Grifinória[3]Time de Quadribol da Grifinória[3]Departamento de Transfiguração[3], Grifinória[3], Time de Quadribol da Grifinória[3], Departamento de Transfiguração[3], Ministério da Magia Britânico[1] (anteriormete)Departamento de Execução das Leis da Magia[1], Departamento de Execução das Leis da Magia[1], Alvo Dumbledore[3], Ordem da Fênix[11], Armada de Dumbledore[12]",Minerva McGonagall,,,,,,Gato malhado[6] (registrado)[7],,,
"19 de setembro de 1979[1], Inglaterra[2], Grã-Bretanha",Nascida trouxa[3],Casada[4][5],Inglesa,"Hermy (por Grope)[6][7][8], Srta. Perfeição (por Rita Skeeter) [9][10], Srta. Certinha (por Rita Skeeter)[11], Harry Potter (sob efeito da Poção Polissuco)[12], Mafalda Hopkirk (sob efeito da Poção Polissuco)[13], Belatriz Lestrange (sob efeito da Poção Polissuco)[14]","Monitora[15], Vice-chefe do Departamento de Execução das Leis da Magia[16], Ministra da Magia (desde 2019)",,Humana[17],Feminino[17],"1,65cm[2]",53kg[2],Castanho[18],Castanho[19][20],"Sr. Granger (pai), Sra. Granger (mãe), Hector Dagworth-Granger (possível parente), Rony Weasley (esposo), Rosa Weasley (filha), Hugo Weasley (filho), Arthur Weasley (sogro), Molly Weasley (nascida Prewett) (sogra), Gina Potter (nascida Weasley) (cunhada), Harry Potter (cunhado), Tiago Potter II (sobrinho/afilhado), Alvo Potter (sobrinho), Lílian Potter II (sobrinha), Fred Weasley (cunhado) †, Jorge Weasley (cunhado), Angelina Weasley (nascida Johnson) (cunhada), Fred Weasley II (sobrinho), Roxanne Weasley (sobrinha), Percy Weasley (cunhado), Audrey Weasley (cunhada), Molly Weasley II (sobrinha), Lúcia Weasley (sobrinha), Carlinhos Weasley (cunhado), Gui Weasley (cunhado), Fleur Weasley (nascida Delacour) (cunhada), Victoire Weasley (sobrinha), Dominique Weasley (sobrinha), Louis Weasley (sobrinho)",Falhar [23],"Videira, fibra de coração de dragão e vinte e cinco centímetros, Nogueira, fibra de coração de dragão, trinta centímetros e inflexível (temporariamente)",Lontra[24][25],"Funcionária do Departamento para Regulamentação e Controle das Criaturas Mágicas (anteriormente)[26], Vice-chefe do Departamento de Execução das Leis da Magia (anteriormente)[16], Ministra da Magia", Grifinória[27],"Família Granger, Família Weasley, Família Potter, Escola de Magia e Bruxaria de HogwartsGrifinóriaArmada de DumbledoreClube do Slugue, Grifinória, Armada de Dumbledore, Clube do Slugue, Trio de ouro, F.A.L.E., Ordem da Fênix, Ministério da Magia BritânicoDepartamento para Regulamentação e Controle das Criaturas MágicasDepartamento de Execução das Leis da Magia, Departamento para Regulamentação e Controle das Criaturas Mágicas, Departamento de Execução das Leis da Magia",Hermione Jean Granger,Clara[21][22],"Vítor Krum (anteriormente), Córmaco McLaggen (anteriormente), Rony Weasley (esposo)",,,,,,,
30 de outubro de 1949,Puro-Sangue,Casada,Inglesa,Moliuóli (por Arthur Weasley),,     ,Humana,Feminino,"1,61",,Ruivo,Castanhos,"Possível bisavó[1], Pai, Mãe, Abílio (irmão ou cunhado) †, Gideão Prewett (irmão) †, Fábio Prewett (irmão) †, Muriel (tia-avó)[1], Ignatius Prewett (tio), Lucretia Prewett (nascida Black) (tia), Tessie (possível tia), Primo de segundo grau, Sobrinho, Arthur Weasley (marido), Gui Weasley (filho), Carlinhos Weasley (filho), Percy Weasley (filho), Fred Weasley (filho) †, Jorge Weasley (filho), Rony Weasley (filho), Gina Potter (nascida Weasley) (filha), Victoire Weasley (neta), Dominique Weasley (neta), Louis Weasley (neto), Molly Weasley II (neta), Lucy Weasley (neta), Fred Weasley II (neto), Roxanne Weasley (neta), Rosa Weasley (neta), Hugo Weasley (neto), Tiago Potter II (neto), Alvo Potter (neto), Lílian Potter II (neta), Septimus Weasley (sogro), Cedrella Weasley (nascida Black) (sogra), Dois cunhados, Harry Potter (genro), Hermione Granger (nora), Fleur Weasley (nascida Delacour) (nora), Angelina Weasley (nascida Johnson) (nora), Audrey Weasley (nora)",Cadáveres de sua família e de Harry Potter,"Comprimento, madeira e núcleo desconhecidos",Não Corpóreo,, Grifinória,"Família Weasley, Família Prewett, Família Potter, Ordem da Fênix, Escola de Magia e Bruxaria de HogwartsGrifinória, Grifinória",Molly Weasley,Clara,,,,,,,,
por volta de 1954,Trouxa,Casado,,,,,Humano,Masculino,,,"Pretos[1], Cinza, Branco",Azuis,"Sra. Dursley (mãe), Guida Dursley (irmã), Petúnia Dursley (nascida Evans) (esposa) †, Duda Dursley (filho), Sra. Dursley (nora), netos, Sr. Evans (sogro) †, Sra. Evans (sogra) †, Lílian Potter (nascida Evans) (cunhada) †, Tiago Potter (cunhado) †, Harry Potter (sobrinho), Gina Potter (nascida Weasley) (sobrinha)",,,,Diretor da Grunnings,,"Família Dursley, Grunnings",Valter Dursley,Rosada,,,,,,,,
c. 1327,A +,Casado,,,,NICOLAU FLAMEU,Humana,Masculino,"1,67",,Castanhos,Negros,Perenelle Flamel (esposa) †,Lua negra,Pau de sabugueiro núcleo de pele de dragão,Cobra,"Alquimista, filósofo",França rua dos gritos 167,"Academia de Magia Beauxbatons, Alvo Dumbledore, Família Flamel",Nicolau Flamel,Clara,,c. 1992 (665 anos)[1],,,Beija flor,,,
início de 1954,Trouxa,,,,,,Humana,Feminino,,,Cinza[1],Azuis,"Sr. Dursley (pai), Sra. Dursley (mãe), Válter Dursley (irmão), Petúnia Dursley (cunhada), Duda Dursley (sobrinho)",,,,Criadora de Cães,,Família Dursley,Guida Eileen Dursley,Clara,,,,,,,,
1991 ou antes,,,,,,,Jiboia[1],Masculino[1],,,,,,,,,,,"Harry Potter[1], Zoológico (anteriormente)[1], Brasil[1]",Jiboia do zoológico,Castanha e brilhante[1],,,,,,,,
"Entre 3 de maio - 31 de agosto de 1981, Grã-Bretanha",Nascido-trouxa,,,,,,Humano,Masculino,,,Castanhos,Castanhos,"Sr. Creevey (pai), Dênis Creevey (irmão), Charlotte Mary Creevey [irmã]",,,,, Grifinória,"Família Creevey, Armada de Dumbledore, Harry Potter, Escola de Magia e Bruxaria de HogwartsGrifinória, Grifinória",Colin Creevey,Clara,,"2 de maio de 1998 (16)Castelo de Hogwarts, Escócia",,,,,,
11 de agosto de 1981[1]Grã-Bretanha[2],Sangue puro[3],Casada[4],Inglesa,"Gina (por sua família e amigos), Gin (por Harry Potter)[4]","Artilheira, Apanhadora",     ,Humana[5],Feminino[5],,,Ruivo[6][7],Castanhos[8],"Arthur Weasley[9] (pai), Molly Weasley[5] (mãe), Gui Weasley[5] (irmão), Carlinhos Weasley[5] (irmão), Percy Weasley[5] (irmão), Fred Weasley[5] (irmão) †, Jorge Weasley[5] (irmão), Rony Weasley[5] (irmão), Harry Potter[10] (marido), Tiago Potter II[10] (filho), Alvo Potter[10] (filho), Lílian Potter II[10] (filha), Hermione Granger[10] (cunhada), Rosa Granger-Weasley[10] (sobrinha), Hugo Granger-Weasley[10] (sobrinho), Angelina Weasley[10] (nascida Johnson) (cunhada), Fred Weasley II[11] (sobrinho), Roxanne Weasley[11] (sobrinha), Fleur Weasley[12] (nascida Delacour) (cunhada), Victoire Weasley[13] (sobrinha), Dominique Weasley[11] (sobrinha), Louis Weasley[11] (sobrinho), Audrey Weasley[10] (cunhada), Molly Weasley II[11] (sobrinha), Lúcia Weasley[11] (sobrinha), Pelo menos dois tios paternos, Abílio[14] (tio) †, Tio, Fábio Prewett[15] (tio materno) †, Gideão Prewett[15] (tio materno) †, Primo, Muriel (tia-avó), Septimus Weasley[16] (avô paterno) †, Cedrella Weasley[16] (nascida Black) (avó paterna) †, Sr. Prewett[17] (avô materno) †, Sra. Prewett[17] (avó materna) †, Família Weasley[17], Casa dos Black (ancestrais distantes), Tiago Potter[10] (sogro) †, Lílian Potter[10] (nascida Evans) (sogra) †",Lorde Voldemort[18],"Comprimento, madeira e núcleo desconhecidos[19]",Cavalo[20],"Artilheira para as Harpias de Holyhead[21] (arteriormente), Correspondente Sênior de Quadribol para o Profeta Diário[21] (anteriormente), Editora de Esportes para o Profeta Diário", Grifinória[22],"Família Weasley, Família Potter, Família Prewett, Escola de Magia e Bruxaria de HogwartsGrifinóriaTime de Quadribol da GrifinóriaClube do Slugue[12], Grifinória, Time de Quadribol da Grifinória, Clube do Slugue[12], Armada de Dumbledore[15], Ordem da Fênix, Harpias de Holyhead[21], Profeta Diário[21]",Ginevra Molly Potter (nascida Weasley),Clara,"Harry Potter (marido), Dino Thomas (ex-namorado), Miguel Corner (ex-namorado)",,,,,,,
Entre 1 de Setembro de 1975 e 31 de Agosto de 1976Grã-Bretanha ou Irlanda[1],Nascida-trouxa ou Mestiça[2],,,,,,Humana,Feminina,,,Encaracolado,Azuis,,,,,,Corvinal,"Família Clearwater, Escola de Magia e Bruxaria de HogwartsCorvinal, Corvinal",Penélope Clearwater,Branca,,,,,,,,
Entre 22 de abril de 1980 a 31 de agosto de 1980,Puro-Sangue,,Britânica ou irlandesa,Ernie (por amigos),,     ,Humano,Masculino,,,Loiro,,"Nove gerações de bruxos e bruxas, Melania Macmillan (possível parente)",Lorde Voldemort,"Comprimento, madeira e núcleo desconhecidos",Javali,, Lufa-Lufa,"Armada de Dumbledore, Escola de Magia e Bruxaria de HogwartsLufa-Lufa, Lufa-Lufa",Ernesto Macmillan,Clara,,,,,,,,
22 de agosto de 1976,Puro-Sangue,Casado,,,,,Humana,Masculino,,,Ruivos,Azuis,"Arthur Weasley(pai), Molly Weasley(nascida Prewett)(Mãe), Audrey Weasley(Esposa), Molly Weasley II(Filha), Lucy Weasley(Filha), Guilherme Weasley(irmão), Carlinhos Weasley (irmão), Fred Weasley (irmão), Jorge Weasley (irmão), Rony Weasley (irmão), Hermione Weasley(nascida Granger), Rosa Granger-Weasley, Hugo Granger Weasley, Gina Potter(nascida Weasley) (Irmã), Harry Potter (cunhado), Tiago Sirius (sobrinho), Alvo Severo Potter (sobrinho), Lílian Luna Potter (sobrinha), Gideão (tio), Fábio Prewett(tio), Olivia Potter (cunhada)",,,,,Grifinória,"Escola de Magia e Bruxaria de HogwartsGrifinória, Grifinória",Percy Inácio Weasley,Branca,Audrey Weasley,,,,,,,
antes de 1890,Puro-Sangue,,,,,,Humano,Masculino,pequeno,,marrom claro,,"Cadmo Peverell (ancestral) †, Salazar Sonserina (ancestral) †, Corvinus Gaunt (antecedent) †, Morfino Gaunt (filho) †, Mérope Gaunt (filha) †, Tom Riddle Sr. (genro) †, Tom Riddle (neto) †, Delphini Riddle (bisneta), Família Potter (primos distantes)",,,Veado,,Sonserina,"Casa Gaunt, Família Sonserina, Família Peverell",Servolo Gaunt,branca,,"entre 1925 e 1929, próximo a Little Hangleton",,,,,,
Amortal,,,,,,,Poltergeist,Masculino,,,Pretos,Pretos,,Barão Sangrento,,,,,Escola de Magia e Bruxaria de Hogwarts,Pirraça,,,,,,,,,
26 de janeiro[1][2] de 1964[3]Grã-Bretanha ou Irlanda[4],Mestiço[1],Solteiro [1],,,,,Humana,Masculino,,,Loiros,Azuis,"Sr. Lockhart (pai), Sra. Lockhart (mãe), Duas irmãs mais velhas",,"Cereijeira e fibra de coração de dragão, 23cm, ligeiramente flexível[1]",Não-corpóreo[5],"Escritor, Professor de Defesa Contra as Artes das Trevas na Escola de Magia e Bruxaria de Hogwarts (1992-1993), Fundador e líder do Clube de Duelos (1992-1993)",Corvinal[1][6],"Hogwarts, Liga de Defesa Contra as Forças das Trevas, Ordem de Merlim, Família Lockhart, Ele mesmo",Gilderoy Lockhart,Clara,,,,,,,,
,,,,,,,"Humana (anteriormente), Fantasma",Masculino,,,Branco (calvo),Preto,Sr. Binns (pai),,,,Professor de História da Magia (antes de 1975 - depois de 1998),,Escola de Magia e Bruxaria de Hogwarts,Cuthbert Binns,Branca,,"Pré 1970,[1] Castelo de Hogwarts",,,,,,
Entre 14 de junho de 1928 e 13 de junho de 1929[1]Grã-Bretanha ou Irlanda,Nascida-trouxa[3],,,Murta Que Geme[4],,,"Humana (anteriormente)[4], Fantasma[4]",Feminino[4],,,,,"Pai[3], Mãe[3]",,,,, Corvinal[5],"Família Warren, Escola de Magia e Bruxaria de HogwartsCorvinal, Corvinal, Harry Potter, Draco Malfoy",Murta Warren,,"Harry Potter, Draco Malfoy","13 de junho de 1943 (14 anos)[2]Castelo de Hogwarts, Escócia",,,,,,
Entre 1 de setembro de 1979 e 31 de agosto de 1980,Mestiça[1],,Britânica ou irlandesa,,,,Humana[2],,,,Preto[3],,"Violetta Bulstrode (possível parente), Família Bulstrode",Lorde Voldemort[4],"Comprimento, madeira e núcleo desconhecidos[5]",,, Sonserina[2],,Emília Bulstrode,,,,,,,,,
"c. 1979-1980, Grã-Bretanha",Nascido-trouxa,,,,,,Humano,Masculino,,,"Loiros, ondulados[1].",,Sra. Finch-Fletchley (mãe),,,,,Lufa-Lufa,"Família Finch-Fletchley, Escola de Magia e Bruxaria de HogwartsLufa-Lufa, Lufa-Lufa",Justino Finch-Fletchley,,,,,,,,,
Antes de 1938[1],,,,,,,Fênix[2],Masculino[2],,,,Pretos[6],,,,,,,"Alvo Dumbledore[2][3][7], Harry Potter[8][9][3], Ordem da Fênix[10][5][3]",Fawkes,Rosa,,"18 de dezembro de 1992[2], 18 de junho de 1996[3]",Vermelhas e douradas[2],,,,,
9 de setembro de 1954,Sangue puro,Casado,Britânico,,"Monitor, Governador de Hogwarts",,Humano,Masculino,,,Louro-branco,Acinzentados,"Armand Malfoy (ancestral) †, Nicholas Malfoy (ancestral) †, Lúcio Malfoy I (ancestral) †, Septimus Malfoy (ancestral) †, Brutus Malfoy (ancestral) †, Abraxas Malfoy (pai) †, Narcisa Malfoy (nascida Black) (esposa), Draco Malfoy (filho), Astória Greengrass (nora), Escórpio Malfoy (neto), Cygnus Black III (sogro) †, Druella Black (nascida Rosier) (sogra) †, Belatriz Lestrange (nascida Black) (cunhada) †, Delphini Riddle (sobrinha), Rodolfo Lestrange (cunhado), Andrômeda Tonks (nascida Black) (cunhada), Ted Tonks (cunhado) †, Ninfadora Tonks (sobrinha) †, Ted Lupin (sobrinho-neto), Casa dos Black (sogros), Família Malfoy",Lorde Voldemort,"Olmo e corda de coração de dragão (anteriormente), Desconhecido",,"Governador da Escola de Magia e Bruxaria de Hogwarts (?-1993), Funcionário do Ministério da Magia (Grã-Bretanha) (?-1996)", Sonserina,"Família Malfoy, Casa dos Black, Ministério da Magia Britânico (anteriormente), Escola de Magia e Bruxaria de Hogwarts (anteriormente)Clube do SlugueSonserina, Clube do Slugue, Sonserina, Lorde Voldemort (anteriormente)Comensais da Morte (desertado), Comensais da Morte (desertado)",Lúcio Malfoy,Branca,Narcisa Malfoy (esposa),,,,,,,
"Pré 976[1], Godric's Hollow, País Ocidental, Inglaterra, Grã-Bretanha",Sangue puro ou mestiço (provável)[2],,Inglês,,Fundador[3],,Humano[3],Masculino[3],,,Ruivo[4],Esverdeados[4],,,,Não corpóreo[5],"Fundador da Escola de Magia e Bruxaria de Hogwarts[3], Professor na Escola de Magia e Bruxaria de Hogwarts[3]", Grifinória,"Escola de Magia e Bruxaria de Hogwarts, Grifinória",Godrico Gryffindor,Clara[4],,Séculos XI (possivelmente),,,,,,
Antes de 1979[1],Trouxa,Casada,Britânica,,Doutora,,Humana,Feminino,,,,,"Sr. Granger (marido), Hermione Granger (filha), Ronald Weasley (genro), Rosa Granger-Weasley[2] (neta), Hugo Granger-Weasley[2] (neto), Família Granger, Família Weasley",,,,Dentista,,Família Granger,Sra. Granger,,Sr. Granger (marido),,,,,,,
Antes de 1954[1],Puro-sangue,,,,,,Humana,Feminino,,,Cinza,Azuis,,Lord Voldemort,Desconhecida,,,Corvinal,"Alvo Dumbledore, Ala Hospitalar, Escola de Magia e Bruxaria de Hogwarts",Papoula Pomfrey,Branca,,,,,,,,
Pré 976[1],Sangue puro,,Britânico ou irlandês[2] (provavelmente)[3],Língua de cobra[4],Fundador[5],,Humano[5],Masculino[5],,,Grisalho[6],Acinzentados[6],"Gormlaith Gaunt[7] (descendente) †, Rionach Gaunt[7] (descendente) †, Isolt Sayre[7] (descendente) †, Rionach Steward[7] (descendente) †, Martha Steward II[7] (descendente) †, Corvino Gaunt (descendente)[8], Servolo Gaunt (descendente) †[9], Morfino Gaunt (descendente) †[9], Mérope Gaunt (descendente) †[9], Tom Riddle (descendente) †[10], Delphini (descendente)[11], Família Slytherin, Casa Gaunt (descendentes)",,"Comprimento desconhecido, colubrina, chifre de basilisco",Não corpóreo[12],"Fundador da Escola de Magia e Bruxaria de Hogwarts[5], Professor na Escola de Magia e Bruxaria de Hogwarts[5]", Sonserina,"Escola de Magia e Bruxaria de HogwartsSonserina, Sonserina, Família Slytherin",Salazar Slytherin,Clara[6],,Século XI (possivelmente),,,,,,
"24 de fevereiro de 1897, Inglaterra",Puro-Sangue ou Mestiço,Casado,Inglês,,,     ,Humano,Masculino,"1,88",,Castanho avermelhado,Azuis,"Sra. Scamander (mãe), Teseu Scamander (irmão), Porpentina Goldstein (esposa), Filho[1], Rolf Scamander (neto), Luna Lovegood (neta), Lorcan Scamander (bisneto), Lysander Scamander (bisneto), Sr. Goldstein (sogro) †, Sra. Goldstein (sogra) †, Queenie Goldstein (cunhada)",Trabalhar em um escritório,"Comprimento, madeira e núcleo desconhecidos",,"Funcionário na Divisão de Feras no Departamento para Regulamentação e Controle das Criaturas Mágicas, Magizoologista, Autor", Lufa-Lufa,"Família Scamander, Família Goldstein, Escola de Magia e Bruxaria de HogwartsLufa-Lufa, Lufa-Lufa, Alvo Dumbledore, Ministério da Magia (Grã-Bretanha), Departamento para Regulamentação e Controle das Criaturas MágicasDivisão de Feras, Divisão de Feras, Ordem de Merlim",Newton Artemis Fido Scamander,Branca,,,,,,,,
,Trouxa[1],Casado[2],Britânico[1],,,,Humana[1],Masculino[1],,,,,Sra. Mason (esposa)[1],,,,Construtor[1],,Família Mason[1],Sr. Mason,,,,,,,,,
28 de Junho ano desconhecido,,,,,,,Elfo-doméstico,Masculino,aproximadamente 90 centímetros,,,verdes,,,,,"Elfo-doméstico da Família Malfoy (? - 1993), Funcionário da cozinha de Hogwarts  (antes de 1995 - 1998)",,"Família Malfoy (antigamente), Harry PotterTrio, Trio, Armada de Dumbledore, Ordem da Fênix, Escola de Magia e Bruxaria de Hogwarts, S.P.E.W.",Dobby,,,"Final de Março de 1998Chalé das Conchas, Tinworth, Cornwall, Inglaterra",,,,,,
ano de 1907,puro,casada,,,,,bruxa,feminino,,,,pretos,"Salazar Sonserina (ancestral) †, Cadmus Peverell (ancestral) †, Corvinus Gaunt (ancestral) †, Marvolo Gaunt (pai) †, Morfino Gaunt (irmão) †, Tom Riddle Snr (marido) †, Tom Marvolo Riddle (filho) †, Delphini Riddle (neta), Thomas Riddle (sogro) †, Mary Riddle (sogra) †, Família Potter (primos distantes)",,desconhecida,,,nunca foi chamada para Hogwarts,"Família Riddle, Família Gaunt",Mérope Riddle (nascida Gaunt),branca,,"31 de dezembro, 1926 (19 anos)Londres, Inglaterra, Grã-Bretanha",,,,,,
Antes de 1979[1],Trouxa,Casado,Britânico,Wendell Wilkins (1997-1998)[2],Doutor,,Humana,Masculino,,,,,"Sra. Granger (esposa), Hermione Granger (filha), Ronald Weasley (genro), Rosa Granger-Weasley[3] (neta), Hugo Granger-Weasley[3] (neto), Hector Dagworth-Granger (possível parente), Família Granger, Família Weasley",,,,Dentista,,Família Granger,Sr. Granger,,Sra. Granger (esposa),,,,,,,
"Por torno de 993Câmara Secreta, Castelo de Hogwarts, Escócia[1]",,,,,,,Basilisco[2],Fêmea[3],,,,Amarelo [2],,,,,,,"Salazar Slytherin[1], Tom Riddle[2], Casa Gaunt[5]",Basilisco de Salazar Slytherin,Verde luzidio e venenoso[4],,"29 de maio de 1993 (por torno dos 1000 anos de idade)Câmara Secreta, Castelo de Hogwarts, Escócia[2]",,,,,Rei das serpentes[2],
"6 de fevereiro[1] de 1950[2], Inglaterra[3], Grã-Bretanha",Sangue puro[4],,Inglês,,,,Humana,Masculino,"1,80cm[3]","69,85[3]",Ruivo[5],Verdes[3],"Septimus Weasley (pai), Cedrella Weasley (nascida Black) (mãe) †, Dois irmãos, Abílio (irmão ou cunhado) †, Irmão ou cunhado, Arturo Black II (tio materno) †, Lysandra Black (nascida Yaxley) (tia materna), Caspar Crouch (primo materno) †, Charis Crouch (nascida Black) (tia materna) †, Molly Weasley (nascida Prewett) (esposa), Sr. Prewett (sogro), Sra. Prewett (sogra), Gui Weasley (son), Carlinhos Weasley (filho), Percy Weasley (filho), Fred Weasley (filho) †, Jorge Weasley (filho), Rony Weasley (filho), Gina Potter (nascida Weasley) (filha), Bartô Crouch Sr. (possível primo) †, Harfang Longbottom (tio materno), Callidora Longbottom (nascida Black) (tia materna), Primo, Primas, Primo, Prima, Tessie (tia), Muriel (tia por casamento), Sobrinho, Gideão Prewett (cunhado) †, Fábio Prewett (cunhado) †, Fleur Weasley (nascida Delacour) (nora), Audrey Weasley (nora), Angelina Weasley (nascida Johnson) (nora), Hermione Granger (nora), Harry Potter (genro), Victoire Weasley (neta), Dominique Weasley (neta), Louis Weasley (neto), Molly Weasley II (neta), Lúcia Weasley (neta), Fred Weasley II (neto), Roxanne Weasley (neta), Rosa Granger-Weasley (neta), Hugo Granger-Weasley (neto), Tiago Potter II (neto), Alvo Potter (neto), Lílian Potter (neta), Casa dos Black",Lorde Voldemort[6],"Comprimento, madeira e núcleo desconhecidos",Doninha[7],"Chefe da Seção de Controle do Mau Uso dos Artefatos dos Trouxas[8], Chefe do Seção para Detecção e Confisco de Feitiços Defensivos e Objetos de Proteção Forjados", Grifinória[9],"Família Weasley, Família Prewett, Família Potter, Ordem da Fênix, Ministério da Magia BritânicoDepartamento de Execução das Leis da MagiaSeção de Controle do Mau Uso dos Artefatos dos TrouxasSeção para Detecção e Confisco de Feitiços Defensivos e Objetos de Proteção Forjados, Departamento de Execução das Leis da MagiaSeção de Controle do Mau Uso dos Artefatos dos TrouxasSeção para Detecção e Confisco de Feitiços Defensivos e Objetos de Proteção Forjados, Seção de Controle do Mau Uso dos Artefatos dos Trouxas, Seção para Detecção e Confisco de Feitiços Defensivos e Objetos de Proteção Forjados, Escola de Magia e Bruxaria de HogwartsGrifinória, Grifinória",Arthur Weasley,Clara[3],,,,,,,,
Outubro de 1637[1][2],,,Britânico ou irlandês[5],,"Diretor[6], Professor[6]",,Humana[6],Masculino[6],,,"Castanho (quando jovem)[7], Branco[6]",,,,,,Diretor da Escola de Magia e Bruxaria de Hogwarts[6] (início do século XX - entre 1965 a 1971),,Escola de Magia e Bruxaria de Hogwarts[6],Armando Dippet,,,Entre 1 de setembro e 31 de dezembro de 1992[3] (aos 354 ou 355 anos)[4],,,,,,
,Trouxa[1],Casada[1],Britânica[1],,,,Humana[1],Feminino[1],,,,,Sr. Mason (marido)[1],,,,,,Família Mason[1],Sra. Mason,,,,,,,,,
,Puro-sangue (mais provável),,,,,,Humano,Masculino,,,,,,,,,Lojista,,Borgin e Burkes,Sr. Borgin,,,,,,,,,
"c. 1979, Grã-Bretanha ou Irlanda[1]",Mestiço[2],Casada,Britanica,,,,Humana,Feminino,,,Negros,Negros,"Sr. Chang (pai), Sra. Chang (mãe)",Solidão,Desconhecida,Cisne,Desfazedora de Feitiços,Corvinal,"Família Chang, Armada de Dumbledore, Escola de Magia e Bruxaria de HogwartsTime de Quadribol da CorvinalCorvinal, Time de Quadribol da Corvinal, Corvinal",Cho Chang,Clara,"Cedrico Diggory (morreu), Edward Edgecombe, Harry Potter ( foi trocada)",,,,,,,
"22 de novembro,[1] antes de 1927[2]",Puro-sangue ou mestiço[1],Solteiro[1],Britânico[1],,Professor[1],,Humana[1],Masculino[1],,,Prateado[5],Castanhos[5],,,"Vinte e nove centímetros, castanha e pena de fênix, flexível[5]",,Professor de Trato das Criaturas Mágicas (? – 1993)[6],Lufa-Lufa[3],"Família Kettleburn, Escola de Magia e Bruxaria de Hogwarts[6]Lufa-Lufa, Lufa-Lufa",Silvano Kettleburn,Branca[5],,Entre 2 de maio de 1998[3] e 22 de novembro de 2014[4],,,,,,
"9 de março[1], anterior a 1963[2]",Mestiça [1],Divorciada[1][3],Irlandesa ou Escocesa,,"Professora[4], Vidente[5]",,Humana (Vidente)[4],Feminino[4],,,,,"Sr. Trelawney (pai)[1], Sra. Trelawney (mãe)[1], Higglebottom (ex-marido)[1], Cassandra Trelawney (tetravó) †[6]",Lorde Voldemort[7],"24,13 cm, Aveleira e Pelo de Unicórnio",Incorpóreo[7][8],"Professora de Adivinhação na Escola de Magia e Bruxaria de Hogwarts (1981-1996, 1997-?)[4], Chefe da Oficina de Adivinhação na Escola de Magia e Bruxaria de Hogwarts (possivelmente), Autora", Corvinal,"Escola de Magia e Bruxaria de Hogwarts[4]Corvinal[1]Clube do Slugue (possivelmente[9]), Corvinal[1], Clube do Slugue (possivelmente[9]), Ordem da Fênix (durante a Batalha de Hogwarts)[10], Armada de Dumbledore (durante a Batalha de Hogwarts)[10], Oficina de Adivinhação (possivelmente), Família Trelawney[1]",Sibila Patricia Trelawney,,,,,,,,,
Antes de 1959[1],,,Britânica[2],,Madame[2],,Humana[2],Feminino[2],,,Louro[3],Esverdeados[3],,Lorde Voldemort[4],,Não corpóreo[4][5],,,"Três Vassouras[2], Draco Malfoy (sob efeito da Maldição Imperius)[6][7]",Rosmerta,Branca[3],,,,,,,,
"29 de novembro de 1970, Inglaterra, Grã-Bretanha",Puro-sangue,"Casado, 1997",britânico,GuiBill,,,,,,,Ruivo,Azuis,,,,,Desfazedor de Feitiços,Grifinória,"Família Delacour, Família Weasley, Família Prewett, Escola de Magia e Bruxaria de HogwartsGrifinória, Grifinória, Ordem da Fênix, Banco de Gringotes",Guilherme Weasley,Branca,"Fleur Delacour (esposa), Estudante Castelobruxo (ex-namorada), Emily Tyler (ex-crush)",,,,,,,
c. 1973[1],,,,,,,Humana,Masculino,,,,,,,,,,,"Comensais da Morte (sob a Maldição Imperius), Nôitibus Andante",Stanislau Shunpike,,,,,,,,,
29 de Junho de 1960,Sangue puro ou Mestiço,Solteiro,Britânico ou irlandês[1],"Rabicho (pelos Marotos, Harry Potter, e Lorde Voldemort, Perebas (pela família Weasley e outros), O servo de Lorde Voldemort[2]",,,Humana[2],Masculino[2],,,"Finos e descoloridos[2], Castanho claro[3] (anteriormente)",,"Sra. Pettigrew (mãe)[2], Enid Pettigrew (possível parente), Família Pettigrew",Lorde Voldemort[4],"Primeira varinha desconhecida, Trinta e quatro centímetros, teixo e pena de cauda de fênix (temporariamente), Vinte e três centímetros, castanheira e fibra de coração de dragão[5]",Nenhum[6],, Grifinória[7],"Família Pettigrew, Família Weasley (como Perebas) (anteriormente), Escola de Magia e Bruxaria de Hogwarts (anteriormente)GrifinóriaMarotos, GrifinóriaMarotos, Marotos, Ordem da Fênix (anteriormente, desertado), R (anteriormente), Lorde Voldemort (anteriormente)Comensais da Morte (anteriormente, desertado), Comensais da Morte (anteriormente, desertado)",Pedro Pettigrew,,,"Final de março de 1998, Mansão Malfoy, Wiltshire, Inglaterra, Grã-Bretanha",,,Rato acinzentado (não registrado)[2],,,
Antes de 1993,,,,,,,Meio-Amasso[1],Masculino,,,,Amarelado,,,,,,,"Animais Mágicos (antes), Hermione Granger (dona), Sirius Black",Bichento,,,Entre 1997 e 2021,,Hermione Granger,,Ruivo,,Família Granger
10 de março de 1960[1],Mestiço[2],Casado,Britânico ou irlandês[3],"Aluado (pelos Marotos), Rômulo (Observatório Potter)","Monitor, Professor[4]",,Humana (Lobisomem)[5],Masculino[4],"1,87cm[6]",76kg[6],Castanho-claro fartamente embranquecido[7][8],Verde[6],"Lyall Lupin (pai)[1], Hope Lupin (nascida Howell) (mãe) †[1], Ninfadora Tonks (esposa) †, Eduardo Lupin (filho), Eduardo Tonks (sogro) †, Andrômeda Tonks (nascida Black) (sogra), Família Lupin, Família Howell (família materna)",Lua cheia[9],"Vinte e cinco centímetros, cipreste e pelo de unicórnio[1]",Lobo[1],Professor de Defesa Contra as Artes das Trevas em Hogwarts(1993–1994), Grifinória[2],"Família Lupin, Família Howell, Escola de Magia e Bruxaria de HogwartsGrifinóriaMarotos, Grifinória, Marotos, Ordem da Fênix, Guarda Avançada, Família Tonks",Remo João Lupin,,Ninfadora Tonks (esposa) †,"2 de maio de 1998 (38 anos), Castelo de Hogwarts, Terras Altas, Escócia, Grã-Bretanha",,,,,,
Entre 1 de setembro a 30 de outubro de 1977[1],Puro-Sangue (possivelmente) ou Mestiço[2],,Britânico ou Irlandês,"Ced (por seu pai)[3], Zé Bonitinho Diggory (por Simas Finnigan)[4]","Capitão de Quadribol[5], Apanhador[6], Monitor[6], Campeão Tribruxo[6]",     ,Humano[5],Masculino[5],,,Escuros[7],Cinzentos[7][8],"Amos Diggory (pai), Sra. Diggory (mãe), Eldritch Diggory (possível parente)",Lorde Voldemort[9],"Trinta centímetros, freixo e pelo de unicórnio[10]",,, Lufa-Lufa,"Família Diggory, Escola de Magia e Bruxaria de HogwartsLufa-LufaTime de Quadribol da Lufa-Lufa, Lufa-Lufa, Time de Quadribol da Lufa-Lufa, Comensais da Morte (realidade alternativa)",Cedrico Diggory,,Cho Chang,"24 de junho de 1995 (17 anos), Cemitério de Little Hangleton, Inglaterra, Grã-Bretanha",,,,,,
"3 de novembro[1] de 1959[2]Islington, Londres, Inglaterra[3], Grã-Bretanha",Sangue puro,Solteiro,Inglês,"Almofadinhas (pelos Marotos e pelo trio)[6], Snuffles (pelo Trio)[7], Toquinho Boardman (pelo O Pasquim)[8]",,,Humana[9],Masculino[9],"1,75[3]",,Preto[10],Acinzentado[11],"Orion Black (pai/primo materno em segundo grau depois de removido) †, Walburga Black (mãe/prima paterna em segundo grau depois de removida) †, Fleamont Potter (tutor) †, Euphemia Potter (tutora) †, Régulo Black II (irmão/primo em terceiro grau) †, Arturo Black III (avô paterno/primo materno duas vezes removido) †, Melania Black (nascida Macmillan) (avó paterna/prima paterna em primeiro grau duas vezes removida por casamento), Pollux Black (avô materno/primo paterno duas vezes removido) †, Irma Black (nascida Crabbe) (avó materna/prima paterna duas vezes removida), Lucretia Prewett (nascida Black) (tia paterna/prima materna em segundo grau depois de removida) †, Alphard Black (tio materno/primo paterno em segundo grau depois de removido) †, Cygnus Black III (tio materno/primo paterno em segundo grau depois de removido) †, Ignatius Prewett (tio paterno por casamento/primo materno em segundo grau depois de removido por casamento), Druella Black (nascida Rosier) (tia materna por casamento/prima materna em segundo grau depois de removida por casamento) †, Belatriz Lestrange (nascida Black) (prima materna em primeiro grau/prima paterna em terceiro grau) †, Andrômeda Tonks (nascida Black) (prima materna em primeiro grau/prima paterna em terceiro grau), Narcisa Malfoy (nascida Black) (prima materna em primeiro grau/prima paterna em terceiro grau), Rodolfo Lestrange (primo materno em primeiro grau por casamento/primo paterno em terceiro grau), Eduardo Tonks (primo materno em primeiro grau por casamento/primo paterno em terceiro grau) †, Lúcio Malfoy (primo materno em primeiro grau por casamento/primo paterno em terceiro grau), Casa dos Black, Família Macmillan (parentes paternos), Família Crabbe (parentes maternos), Família Gamp  (parentes paterno), Família Bulstrode (parentes maternos), Família Flint (parentes paterno/maternos)",Lorde Voldemort[13],"Comprimento, madeira e núcleo desconhecidos[9]",Cão (possivelmente) [14],, Grifinória,"Casa dos Black (anteriormente; deserdado), Escola de Magia e Bruxaria de HogwartsGrifinóriaMarotos[6], Grifinória, Marotos[6], Família Potter, Ordem da Fênix",Sirius Black III,Branca[12],,"18 de junho de 1996[4] (36 anos), Câmara da Morte, Departamento de Mistérios, Ministério da Magia Britânico, Whitehall, Londres, Inglaterra, Grã-Bretanha[5]",,,Cão preto[9] (não-registrado)[6],,,
Anterior a 1994,,,,Píchi,,,Coruja,Masculino,,,,,,,,,,,Rony Weasley (dono),Pichitinho,,,,Cinzenta,Rony Weasley (dono),,,,Família Weasley
6 de Maio de 1950,Mestiço,,,,,,Humano,Masculino,Alto,,Marrom,Castanhos,"Taís Diggory nee Dolohov (esposa), Cedrico Diggory (filho), Eldritch Diggory (possível ancestral), Olivia Potter (sogra)",,,,Departamento para Regulamentação e Controle das Criaturas Mágicas,,"Ministério da Magia Britânico, Família Diggory",Amos Diggory,Branca,,,,,,,,
,Puro-sangue ou Mestiço[1],,,,,,Humano,Masculino,,,"Loiros[2]– Olá, pessoal! – exclamou",Azuis[2][3],"Sr. Bagman (pai), Otto Bagman (irmão)",,,,"Batedor do Vespas de Wimbourne (anteriormente), Batedor da Seleção Inglesa de Quadribol (anteriormente), Chefe do Departamento de Jogos e Esportes Mágicos  (atual)",,"Vespas de Wimbourne (anteriormente), Ministério da Magia, Seleção Inglesa de Quadribol, Família Bagman",Ludovico Bagman,Rosada[2],,,,,,,,
Entre 1 de setembro de 1982 e 31 de agosto de 1983Grã-Bretanha ou Irlanda,Nascido-trouxa,Casado,,,,     ,Humano,Masculino,,,Castanho-baço[1],,"Henry Creevey (pai), Colin Creevey (irmão) †, Alícia Creevey (esposa), Henry Creevey II (filho), Edwina Creevey (filha), Collin Creevey II (filho), Elizabeth Creevey (filha), Heracles Creevey (filho)",,,,Auror, Grifinória,"Família Creevey, Escola de Magia e Bruxaria de HogwartsGrifinória, Grifinória, Armada de Dumbledore",Dênis Creevey,,,,,,,,,
,Puro-sangue,Casado,,,,,Humano,Masculino,,,,,"Augusta Longbottom (mãe), Alice Longbottom (esposa), Neville Longbottom (filho), Ana Longbottom (nascida Abbott) (nora)",,Desconhecido,,Auror (anteriormente),Grifnória,"Família Longbottom, Grifinória, Ministério da Magia (anteriormente), Seção dos Aurores, Ordem da Fênix (anteriormente)",Franco Longbottom,,,,,,,,,
"Antes de 1927, Indonésia",,,,,,,HumanaCobra (após transformação),Feminino,,,Preto,Pretos,,,,,Artista de circo (anteriormente),,Lord Voldemort,Nagini,Clara,,2 de maio de 1998,,,,,,
"Abril a Agosto de 1976, Bulgária",Puro-sangue,,,,,     ,Humano,Masculino,,,Preto,Pretos,"Sr. Krum (pai), Sra. Krum (mãe), Avô †",,Bétulia e corda de coração de dragão,,,haus feuer,"Instituto Durmstrang, Time Nacional de Quadribol da Bulgária, Família Krum",Vítor Krum,Branco,,,,,,,,
Entre 1 de setembro de 1953 e 31 de agosto  de 1958[1],,,Britânica ou irlandesa,,,,Humana,Feminino,,,,,"Tia, Primo de segundo grau, Primrose Jorkins (possivelmente), Albert Jorkins (possivelmente), Granville Jorkins (possivelmente), Grimwold Jorkins  (possivelmente), Griselda Jorkins (possivelmente), Stamford Jorkins (possivelmente)",,,,"Funcionária do Departamento de Cooperação Internacional em Magia (anteriormente)[2], Funcionária do Departamento de Jogos e Esportes Mágicos",,"Família Jorkins, Escola de Magia e Bruxaria de Hogwarts, Ministério da Magia BritânicoDepartamento de Jogos e Esportes Mágicos, Departamento de Jogos e Esportes Mágicos",Berta Jorkins,,,1994(entre 35 e 40 anos)Albânia,,,,,,
"Pré 30 de outubro de 1977[1], França",Meio humano (um quarto veela)[2],Casada[3],Francesa[2],"Fleuma[4][5] (por Gina Weasley), Harry Potter[6] (sob o efeito da Poção Polissuco)",Campeã Tribruxo[7],,Humana (ancestral veela)[2],Feminino[2],,,Louro-prateado[8],Azul-profundo,"Monsieur Delacour[3] (pai), Apolline Delacour[3] (mãe), Gabrielle Delacour[9] (irmã), Avó materna[10], Primas maternas[3], Gui Weasley[3] (marido), Victoire Weasley[11] (filha), Dominique Weasley[12] (filha), Louis Weasley[12] (filho), Arthur Weasley (sogro), Molly Weasley (nascida Prewett) (sogra), Carlinhos Weasley (cunhado), Percy Weasley (cunhado), Audrey Weasley (cunhada), Molly Weasley II (sobrinha), Lúcia Weasley (sobrinha), Fred Weasley (cunhado) †, Jorge Weasley (cunhado), Angelina Weasley (nascida Johnson) (cunhada), Fred Weasley II (sobrinho), Roxanne Weasley (sobrinha), Rony Weasley (cunhado), Hermione Granger (cunhada), Rosa Weasley (sobrinha), Hugo Weasley (sobrinho), Gina Potter (nascida Weasley) (cunhada), Harry Potter (cunhado), Tiago Potter II (sobrinho), Alvo Potter (sobrinho), Lily Potter II (sobrinha), Família Delacour, Família Weasley",Lorde Voldemort[13],"Vinte e quatro centímetros, inflexível, jacarandá e fio de cabelo de veela[10]",Não corpóreo[14],Funcionária de meio período no Gringotes[15],,"Família Delacour, Academia de Magia Beauxbatons[2], Harry Potter, Gringotes, Família Weasley, Ordem da Fênix[6]",Fleur Isabelle Weasley (nascida Delacour),,Guilherme Weasley (marido)[3],,,,,,,
1962[1],Puro-sangue,Solteiro,,,,,Humano,Masculino,,,Castanho,Castanho Claro,"Bartolomeu Crouch (pai) †, Sra. Crouch (mãe) †, Casa dos Black, Família Crouch",,"Varinha de Harry Potter (brevemente), Desconhecida",None[3],,Sonserina,"Comensais da Morte, Escola de Magia e Bruxaria de Hogwarts",Bartolomeu Crouch Junior,Clara,,1995-[2]( 33 - 34 anos) (recebeu o Beijo do Dementador em 24 de Junho de 1995),,,,,,
"8 de Março de 1911,[1]Escócia,[2] Grã-Bretanha",Puro-sangue[4],Solteiro[4],,,,,Humano[4],[4],188 cm[4],,Cinza,Um escuro e um azul elétrico,,,Desconhecido,,Auror[5] (Aposentado),,"Ordem da FênixGuarda Avançada, Guarda Avançada, Escola de Magia e Bruxaria de Hogwarts, Ministério da Magia BritânicoSeção dos Aurores, Seção dos Aurores",Alastor Moody,,,"27 de julho de 1997[3]Inglaterra,[3] Grã-Bretanha",,,,,,
1980,Puro-sangue,,,,,,Humana,Feminino,,,Castanho Claro,Azuis,"pai, mãe, Kelly Brown",,Desconhecida,não-corpóreo,, Grifinória,"Família Brown, Armada de Dumbledore, Escola de Magia e Bruxaria de HogwartsGrifinória, Grifinória",Lilá Brown,Branca,,"2 de maio de 1998 (17 ou 18 anos), Castelo de Hogwarts, Escócia, Grã-Bretanha",,,,,,
Entre 1 de setembro de 1979 - 31 de agosto de 1980,Puro-Sangue,Casada,Britânica ou Irlandesa,,,,Humana,Feminino,,,,,Perseus Parkinson (possível parente),,"Comprimento, madeira e núcleo desconhecidos",,, Sonserina,"Família Parkinson, Escola de Magia e Bruxaria de HogwartsSonserinaBrigada InquisitorialGangue de Draco Malfoy, Sonserina, Brigada Inquisitorial, Gangue de Draco Malfoy, Comensais da Morte (não confirmado)",Pansy Parkinson,,"Draco Malfoy sua ""ex-paixonite""",,,,,,,
entre 1959 e 1960,Sangue-Puro,Casado,,,,,Humano,Feminino,,,castanho-Escuro,castanhos,"Augusta Longbottom (sogra), Franco Longbottom (esposa), Neville Longbottom (filho), Ana Longbottom (nascida Abbott) (nora)",desconhecido,,,Auror (anteriormente),Grifinória,"Família Longbottom, Grifinória, Ministério da Magia (anteriormente), Seção dos Aurores, Ordem da Fênix (anteriormente)",Alice Longbottom,clara,,,,,,,,
1955,Puro-Sangue,Casada,Britânica,,,,Humana,Feminino,,,Loiros,Azuis,"Cygnus Black III (pai) †, Druella Rosier (mãe) †, Andrômeda Tonks (irmã), Belatriz Lestrange (irmã) †, Lúcio Malfoy (marido), Draco Malfoy (filho), Astória Greengrass (nora), Escórpio Malfoy (neto), Abraxas Malfoy (sogro), Rodolfo Lestrange (cunhado), Ted Tonks (cunhado) †, Ninfadora Tonks (sobrinha) †, Sirius Black (primo) †, Régulo Black (primo) †, Pollux Black (avó paterno) †, Irma Crabbe (avó paterna) †, Casa dos Black (família paterna), Família Rosier (família materna), Família Malfoy (por casamento)",,"Desconhecida, Desconhecida",,, Sonserina,"Casa dos Black, Família Rosier, Escola de Magia e Bruxaria de HogwartsSonserina, Sonserina, Família Malfoy, Comensais da Morte (indiretamente)",Narcisa Malfoy (nascida Black),Pálida,,,,,,,,
por volta de 1977-1978 Grã-Bretanha[1],Puro-sangue ou Mestiço[2],Casado,,,,,Humano,Masculino,,,Pretos com Dread,Castanho,Robert Jordan (pai)Edwina Jordan (mãe)Susana Jordan (esposa)Julie Jordan (filha)Cedric Jordan (filho)Bruce Jordan (filho)Phillip Jordan (filho)Elizabeth Jordan (filha),,Desconhecida,,Locutor do Observatório Potter (antigamente), Grifinória,"Família Jordan, Escola de Magia e Bruxaria de HogwartsGrifinória, Grifinória, Armada de Dumbledore, Ordem da Fênix (indiretamente), Observatório Potter",Lino Jordan,Negra,,,,,,,,
Entre 31 de Julho de 1985 e 30 de Julho de 1986,Parte-Veela,,Francesa,,,,Parte-Veela,Feminino,,,Loiro prateado,Azuis escuros,"Monsieur Delacour (pai), Apolline Delacour (mãe), Fleur Delacour (irmã), Guilherme Weasley (cunhado), Victoire Weasley (sobrinha), Dominique Weasley (sobrinha), Louis Weasley (sobrinho), Avó materna",,,,,,"Família Delacour, Academia de Magia Beauxbatons",Gabrielle Delacour,Branca,Harry Potter (crush),,,,,,,
,Puro-sangue[2],,,,,,Humana,Masculino,,,Cinza com mechas pretas,,"Bartolomeu Crouch Jr. (filho), Sra. Crouch (esposa), Avô[4]",,,,"Diretor no Departamento de Execução das Leis da Magia [? - 1990], Diretor do Departamento de Cooperação internacional em Magia[5]",,"Ministério da Magia, Família Crouch",Bartolomeu Crouch Sênior,,,"27 de maio de 1995,[1] Floresta Proibida, Castelo de Hogwarts, Escócia",,,,,,
1951[1],Puro-sangue ou mestiça (possivelmente)[2],,,,,,Humana,Feminino,,,Loiro,Verdes,Amber Skeeter (Neta)Hillary Skeeter (Filha),Voldemort,,Besouro,,Sonserina,"Profeta Diário, O Pasquim",Rita Skeeter,Pálida,,,,,Besouro (não registrado),,,
em 1961 ou antes[1],Puro-sangue ou Mestiço[3],,,,,,Humano,Masculino,,,Prateado[4],Azuis[5],,,Desconhecida,,,,"Comensais da Morte (antigamente), Instituto Durmstrang",Igor Karkaroff,,,de 24 de junho a 31 de julho de 1996[2]  Norte da Europa,,,,,,
,,,Britânico[1],,,,Humano[1],Masculino[1],,,,,,,,,,,"Família Dearborn, Ordem da Fênix[1]",Carátaco Dearborn,,,,,,,,,
24-30 de outubro de 1977[1],Mestiço ou Sangue-Puro,Casada,Britânica ou Irlandesa,,,,Humana,Feminino,,,Preto,Castanhos,"Pai, mãe, possível namorado",Lorde Voldemort[2],"Comprimento, madeira e núcleo desconhecidos[2]",,Artilheira, Grifinória,"Família Johnson, Escola de Magia e Bruxaria de HogwartsGrifinória, Grifinória, Time de Quadribol da Grifinória, Armada de Dumbledore",Angelina Johnson,Preta,"Fred Weasley † (par para o Baile de Inverno), Jorge Weasley (marido)",,,,,,,
,Sangue puro,,Inglês,,,,Humana,Masculino,,,,,"Sr. Prewett (pai), Sra. Prewett (mãe), Fábio Prewett (irmão) †, Molly Weasley (irmã), Bilius (possível irmão), Arthur Weasley (cunhado), Gui Weasley (sobrinho), Carlinhos Weasley (sobrinho), Percy Weasley (sobrinho), Fred Weasley (sobrinho) †, Jorge Weasley (sobrinho), Rony Weasley (sobrinho), Gina Weasley (sobrinha), Tessie (possível tia), Ignatius Prewett (tio paterno), Lucretia Prewett (tia paterna), Primo de segundo grau, avó, Muriel (tia-avó[2]), Família Prewett",,,,,,"Família Prewett, Ordem da Fênix",Gideão Prewett,,,1981[1],,,,,,
11 de maio de 1973,Mestiço,Morta,Britânica ou Irlandesa,"Dora (por Ted Tonks e Remo Lupin), Tonks (por amigos)",,,Humano (Metamorfomago),Feminino,"Variável (biologicamente 1,67 m)",,Variável (biologicamente castanho claro),Variável (biologicamente escuro),"Ted Tonks (pai) †, Andrômeda Tonks (nascida Black) (mãe), Remo Lupin (Marido) †, Ted Lupin (filho), Lyall Lupin (Sogro) †, Hope Lupin (nascida Howell) (Sogra) †, Cygnus Black III (avõ materno) †, Druella Black (nascida Rosier) (avó materna) †, Belatriz Lestrange (nascida Black) (tia materna) †, Rodolfo Lestrange (tio materno), Narcisa Malfoy (nascida Black) (tia materna), Lúcio Malfoy (tio materno), Draco Malfoy (primo), Escórpio Malfoy (primo de segundo grau), Órion Black (tio-avô materno) †, Walburga Black (tia-avó materna) †, Alphard Black (tio-avô materno) †",Perder suas habilidades de Metamorfomago,"Comprimento, madeira e núcleo desconhecidos","Coelho Jack (antes de 1995), Lobo (1995-1998)",Auror, Lufa-Lufa,"Família Tonks, Escola de Magia e Bruxaria de HogwartsLufa-Lufa, Lufa-Lufa, Ministério da Magia BritânicoSeção dos Aurores, Seção dos Aurores, Ordem da FênixAlvo DumbledoreGuarda Avançada, Alvo Dumbledore, Guarda Avançada, Família Lupin",Ninfadora Lupin (nascida Tonks),Variável (biologicamente pálida),Remo Lupin (marido) †,"2 de maio de 1998 (24/25 anos), Castelo de Hogwarts, Terras Médias, Escócia, Grã-Bretanha",,,,,,
Antes de 1964 (provavelmente)[1],Sangue puro ou mestiço[2],Casado[3],Britânico ou irlandês[4],Xeno[5],,,Humana,Masculino,,,Branco[6],,"Pandora Lovegood (esposa) †, Luna Lovegood (filha), Rolf Scamander (genro), Lorcan (neto), Lysander (neto)",,"Comprimento, madeira e núcleo desconhecidos",Não-corpóreo[8],Editor d'O Pasquim, Corvinal[9],"Família Lovegood, O Pasquim, Escola de Magia e Bruxaria de Hogwarts, Corvinal, Ordem da Fênix, Harry Potter",Xenofílio Lovegood,Branco[7],,,,,,,,
"Entre 1951-1955[1], Grã-Bretanha",Sangue puro,Viúva,Inglesa,Andy ou Drômeda (por Ted Tonks),,,Humana,Feminino,,,Castanho claro[2],,"Cygnus Black III (pai) †, Druella Black (nascida Rosier) (mãe), Belatriz Lestrange (nascida Black) (irmã) †, Narcisa Malfoy (nascida Black) (irmã), Ted Tonks (marido) †, Ninfadora Lupin (nascida Tonks) (filha) †, Remo Lupin (genro) †, Ted Lupin (neto), Rodolfo Lestrange (cunhado), Delphini Riddle (sobrinha), Lúcio Malfoy (cunhado), Draco Malfoy (sobrinho), Walburga Black (tia paterna) †, Órion Black (tio paterno) †, Alphard Black (tio paterno) †, Sirius Black (primo) †, Régulo Black (primo) †, Pollux Black (avô paterno) †, Irma Black (nascida Família Crabbe) (avó paterna) †, Casa dos Black, Família Tonks (por casamento)",,,,, Sonserina[3],"Casa dos Black (anteriormente), Família Rosier (anteriormente), Família Tonks, Ordem da Fênix (indiratamente), Escola de Magia e Bruxaria de HogwartsSonserina, Sonserina",Andrômeda Tonks,,,,,,,,,
,Sangue puro ou mestiço[2],,,,,,Humano[3],Masculino[3],,,,,"Sr. Bones (pai) †, Sra. Bones (mãe) †, Amélia Bones (irmã) †, Irmão ou irmã, Esposa †, Filhos †, Susana Bones (sobrinha), Família Bones",,Desconhecida,,,Lufa-Lufa[4] (provavelmente),"Família Bones, Ordem da Fênix[3]",Edgar Bones,,,1981[1],,,,,,
Entre 8 de setembro de 1956 e 7 de setembro de 1957[1],Mestiço ou Puro-sangue,,,,,,Humano[2],Masculino[2],,,Cor de palha[2],,Sir Patrício Delaney-Podmore (Possivelmente),,,,,,"Família Podmore, Ordem da Fênix[3]Guarda Avançada[3], Guarda Avançada[3]",Estúrgio Podmore,,,,,,,,,
Entre 1 de setembro de 1978 a 31 de agosto de 1979,Sangue puro ou Mestiça[1],,Britânica ou irlandesa[2],,Artilheira[3],,Humana,Feminino,,,,,"Sr. Bell (pai), Sra. Bell (mãe)",Lorde Voldemort[4],"Comprimento, madeira e núcleo desconhecidos",Incorpóreo[5],, Grifinória,"Armada de Dumbledore, Escola de Magia e Bruxaria de HogwartsGrifinóriaTime de Quadribol da Grifinória, Grifinória, Time de Quadribol da Grifinória",Cátia Bell,,,,,,,,,
Entre 2 de Setembro de 1979 a 21 de Abril de 1980[1],Mestiça ou Puro-Sangue[2],,Britânica ou Irlandesa[3],Srta. Pennyfeather (por Cuthbert Binns)[4],,     ,Humana[5],Feminino,,,Longos e negros[6][7],Escuros[8],"Sr. Patil (pai)[9], Sra. Patil (mãe)[9], Padma Patil (irmã gêmea)[10][11]",Múmia[12],"Comprimento, madeira e núcleo desconhecidos",Incorpóreo[13],, Grifinória[10],"Família Patil, Armada de Dumbledore[5], Escola de Magia e Bruxaria de HogwartsGrifinória, Grifinória",Parvati Patil,Escura,,,,,,,,
1 de Setembro de 1979 – 31 de Agosto de 1980  Grã-Bretanha ou Irlanda[1],Mestiço[2],,,,,,Humano,Masculino,,,Loiro,,"Porpentina Scamander (parente distante), Queenie Goldstein (parente distante), Luna Lovegood (prima distante)",,Desconhecida,,, Corvinal,"Família Goldstein, Escola de Magia e Bruxaria de HogwartsCorvinal, Corvinal, Armada de Dumbledore",Antônio Goldstein,Branca,,,,,,,,
Antes de 1977,,,Britânica ou irlandesa,,Madame[1],,Humana[2],Feminino[2],,,Castanho claro[1],Verdes[1],,,Desconhecida[2],Cisne branco[3],Curandeira[2],,"Hospital St. Mungus para Doenças e Acidentes Mágicos[2]Enfermaria Jano Thickey[2][4], Enfermaria Jano Thickey[2][4], Escola de Magia e Bruxaria de Hogwarts[5]",Miriam Strout,Branca[1],,,,,,,,
31 de agosto de 1983 ou antes[1],,,Britânica ou irlandesa,,Batedor,,Humano,Masculino,,,,,,,,,,Grifinória,"Família Kirke, Escola de Magia e Bruxaria de HogwartsGrifinóriaTime de quadribol da Grifinória, Grifinória, Time de quadribol da Grifinória",Andrew Kirke,,,,,,,,,
26 de agosto de 1961 ou antes[1],Mestiça,Solteira,,,,,Humana,Feminino,Pequena,,"Castanho (primeiramente), Cinza metálico",Castanhos,"Orford Umbridge (pai), [[Irmão de Dolores Umbridge|(Irmão)",,"20,3cm, Bétula e corda de coração de dragão",Gato,,Sonserina,"Ministério da Magia, Cornélio Fudge, Brigada Inquisitorial (primeiramente), Comensais da Morte (indiretamente), Escola de Magia e Bruxaria de Hogwarts (primeiramente), Comissão de Registro dos Nascidos-Trouxas (primeiramente), Suprema Corte dos Bruxos (primeiramente), Azkaban",Dolores Umbridge,Pálida,,,,,,,,
22 de Outubro de 1979,Mestiça,Casada,,,,,Humano,Feminino,,,Loiros,,"Sra. Abbott (mãe) †, Abbott (possível relação) †, Giffard Abbott (possível relação) †, Neville Longbottom (marido), Alice Longbottom (sogra), Frank Longbottom (sogro), Augusta Longbottom (parente), Família Longbottom (parentes)",,Varinha,,"Senhoria no Caldeirão Furado (1998 - 2014), Enfermeira", Lufa-Lufa,"Família Abbott, Família Longbottom, Escola de Magia e Bruxaria de HogwartsLufa-LufaArmada de Dumbledore, Lufa-Lufa, Armada de Dumbledore, Caldeirão Furado",Ana Abbott,,,,,,,,,
8 de Dezembro  de 1979,Mestiço,,Inglês,,Apanhador,     ,Humano,Masculino,,,Preto,Castanho,"Pai de Dino Thomas †, Sra. Thomas (mãe), Padastro, Vários meio-irmãos",Mão decepada que anda por conta própria [1],"Primeira varinha desconhecida, Segunda varinha desconhecida",Corpóreo,, Grifinória,"Família Thomas, Escola de Magia e Bruxaria de HogwartsGrifinóriaTime de Quadribol da Grifinória, Grifinória, Time de Quadribol da Grifinória, Armada de Dumbledore",Dino Thomas,Escura,Gina Weasley (anteriormente),,,,,,,
Entre 2 de Setembro de 1979 a 21 de Abril de 1980[1],Mestiça ou Puro-Sangue[2],,Britânica ou Irlandesa[3],,,     ,Humana[4],Feminino[5],,,Longos e negros[6][7],Escuros[8],"Sr. Patil (pai)[9], Sra. Patil (mãe)[9], Parvati Patil (irmã gêmea)[10][5], Rony Weasley (marido em realidade alternativa)[11], Panju Weasley (filho em realidade alternativa)[11]",Serpente gigante[12],"Comprimento, madeira e núcleo desconhecidos",,, Corvinal[13],"Família Patil, Armada de Dumbledore[4], Escola de Magia e Bruxaria de HogwartsCorvinal, Corvinal",Padma Patil,Escura,,,,,,,,
entre 1979 e 1980,Mestiço[1],,,,,,Humano,Masculino,"1,77",,Pretos,Castanhos,"Peter Corner (pai), Hannah Corner (mãe)",Lord Voldemort,Sabuguiro de Pele de Unicornio 27cm,Esquilo,Auror, Corvinal,"Família Corner, Escola de Magia e Bruxaria de HogwartsCorvinal, Corvinal, Armada de Dumbledore",Miguel Corner,Clara,,,,,,,,
Entre 1 de setembro de 1977 e 31 de agosto de 1978,Sangue puro or mestiça[1] (provavelmente),,Britânica ou irlandesa,,Artilheira,,Humana,Feminino,,,,,,Lord Voldemort[2],,,,Grifinória,"Escola de Magia e Bruxaria de HogwartsGrifinóriaTime de quadribol da Grifinória, Grifinória, Time de quadribol da Grifinória, Armada de Dumbledore",Alicia Spinnet,,,,,,,,,
"20 de agosto de 1960, Inglaterra, Grã-Bretanha",Puro-sangue[1],Casado,,,Ministro da Magiade 1999 até 2017,,Humano<[3],Masculino[3],189 cm[1],,Careca[3],Castanho escuro[3],"Sr. Shacklebolt †, Sra. Shacklebolt †, Sabrina Shacklebolt (esposa), Quim Shacklebolt II (filho), Robert Shacklebolt (filho), Mariah Shacklebolt (filha), Edward Shacklebolt (filho), Elizabeth Shacklebolt (filha), Jade Shacklebolt (filha)",,Desconhecida,Lince [4],"Auror[3] (anteriormente), Ministro da Magia[2] (anteriormente)",,"Família Shacklebolt, Ministério da Magia[3]Seção dos Aurores[3] (anteriormente), Seção dos Aurores[3] (anteriormente), Ordem da Fênix[3]Guarda Avançada, Guarda Avançada, Observatório Potter",Quim Shacklebolt,Negra[3],,,,,,,,
Entre 1351 & 1980[1],,,,,,,Elfo-Doméstico,Masculino,,,Brancos,,Mãe †,,,,"Elfo-doméstico de Harry Potter (1996-atualmente), Elfo-doméstico da Casa dos Black (?-1996)",,"Casa dos Black (anteriormente), Régulo Black (anteriormente), Harry Potter, Belatriz Lestrange (anteriormente), Escola de Magia e Bruxaria de Hogwarts, Família Potter",Monstro,Clara,,Após 1 de Setembro de 2017 (666 anos de idade),,,,,,
c. Antes de 31 de agosto de 1984[1],,,Britânica ou irlandesa,,Batedor,,Humana,Masculino,,,,,,,,,,Grifinória,"Família Sloper, Escola de Magia e Bruxaria de HogwartsGrifinóriaTime de quadribol da Grifinória, GrifinóriaTime de quadribol da Grifinória, Time de quadribol da Grifinória",Juca Sloper,,,,,,,,,
após 1931,,Solteiro,,,,,Gigante,Masculino,"4,87 metros",,Castanho,Castanho-Verde,"Pai, Fridwulfa (mãe) †, Rúbeo Hagrid (meio-irmão)",,,,,,,Grope,Clara,,,,,,,,
5 de abril de 1951,Puro-sangue,Morta,,,,,Humana,Feminino,,,Negros,Negros,"Cygnus Black III (pai) †, Druella Rosier (mãe) †, Delphini (Filha), Andrômeda Tonks (irmã), Narcisa Malfoy (irmã), Rodolfo Lestrange (marido), Pollux Black (avô paterno) †, Irma Crabbe (avó paterna) †, Sirius Black (primo paterno) †, Régulo Black (primo paterno) †, Ted Tonks (cunhado) †, Lúcio Malfoy (cunhado), Rabastan Lestrange (cunhado), Ninfadora Tonks (sobrinha) †, Ted Lupin (sobrinho-neto), Draco Malfoy (sobrinho), Clarice Malfoy (sobrinha), Escórpio Malfoy (sobrinho-neto), Walburga Black (tia paterna) †, Órion Black (tio paterno) †, Alphard Black (tio paterno) †, Fineus Nigellus Black (trisavô paterno) †, Arthur Weasley (1C1R/2C paterno), Família Weasley (parentes distantes do lado paterno), Família Lestrange (Parentes por casamento), Família Rosier (parentes maternos), Família Potter (parentes distantes), Casa dos Black (família paterna)",Desapontar Voldemort[1],"32 cm, Nogueira, fibra de coração de dragão, Comprimento, núcleo e madeira desconhecidos",Nenhum[2],,Sonserina,"Comensais da Morte, Casa dos Black, Família Rosier, Família Lestrange, Lord Voldemort, Escola de Magia e Bruxaria de Hogwarts, Sonserina",Bellatrix Lestrange (nascida Black),Pálida,,"2 de maio de 1998 (47)Salão Principal, Castelo de Hogwarts",,,,,,
2 de setembro de 1979 – 21 de abril de 1980,Mestiço ou Puro-sangue,,,,,,Humano,Masculino,,,,,"D. Boot (possível relação), Albert Boot  (possível relação), Webster Boot (possível ancestral)",,Desconhecida,,, Corvinal,"Família Boot, Escola de Magia e Bruxaria de HogwartsCorvinal, Corvinal, Armada de Dumbledore",Terêncio Boot,,,,,,,,,
"13 de fevereiro de 1981[1], Grã-Bretanha[2]",Sangue puro ou Mestiça[3],Casada,Britânica[2],Di-lua Lovegood (por alunos de Hogwarts),,     ,Humana[4],Feminino[4],,,"Louro, sujo e mal cortado[5]",Claros e prateados[6][7],"Xenofílio Lovegood (pai), Pandora Lovegood (mãe)†, Rolf Scamander (marido), Lysander Scamander (filho), Lorcan Scamander (filho), Porpentina Scamender (nascida Goldstein) (avó), Antônio Goldstein (possível parente)",,"1ª varinha desconhecida, 2ª varinha desconhecida",Lebre[9][10],Magizoologista[11][12], Corvinal[4],"Família Lovegood, Família Scamander, Escola de Magia e Bruxaria de HogwartsCorvinal[4], Corvinal[4], Armada de Dumbledore, Ordem da Fênix, O Pasquim",Luna Scamander (nascida Lovegood),Pálida[8],,,,,,,,
antes de 1995,,,,,,,Gigante,Masculino,"7,60 metros",,,,,,,,Gurgue da Colônia de Gigantes,,"Colônia de Gigantes, Lord Voldemort, Comensais da Morte",Golgomate,,,,,,,,,
Entre 1925 e 1938[1]; Grã-Bretanha,Sangue puro[3],,,,,,Humano[3],Masculino[3],,,,,"Pólux Black (pai)[3] †, Irma Black (nascida Crabbe)[3] (mãe), Walburga Black (irmã mais velha)[3] †, Cygnus Black III (irmão mais novo)[3] †, Órion Black (cunhado/primo paterno de segundo grau)[3] †, Druella Black (nascida Rosier) (cunhada)[3] †, Belatriz Lestrange (nascida Black) (sobrinha)[3] †, Andrômeda Tonks (nascida Black) (sobrinha)[3], Narcisa Malfoy (nascida Black) (sobrinha)[3], Sirius Black III (sobrinho/primo de segundo grau depois de removido)[3] †, Régulo Black II (sobrinho/primo de segundo grau depois de removido)[3] †, Cassiopeia Black (tia paterna)[3] †, Mário Black (tio paterno)[3], Dorea Potter (nascida Black) (tia paterna)[3] †, Charlus Potter (tio paterno por casamento)[3] †, Filho de Dorea Potter (primo paterno)[3], Cygnus Black II (avô paterno)[3] †, Violetta Black (nascida Bulstrode) (avó paterna)[3], Casa dos Black, Família Crabbe (família materna), Família Bulstrode (parentes paternos)",,,,,Sonserina[4],"Casa dos Black (deserdado postumamente)[3], Escola de Magia e Bruxaria de HogwartsSonserina, Sonserina",Alfardo Black,Branca,,Entre 3 de novembro de 1976 e 3 de novembro de 1977[2] (38–52 anos),,,,,,
1978/1979[1],Sangue puro or mestiça[2],,Britânica ou irlandesa,,,,Humana[3],Feminino[3],,,Louro-avermelhado[4],,"Sr. Edgecombe (pai), Madame Edgecombe (mãe), Família Edgecombe",,Desconhecida[3],Não corpóreo[5],,Corvinal[3],"Edgecombe family, Escola de Magia e Bruxaria de HogwartsCorvinal[3], Corvinal[3], Armada de Dumbledore (traiu), Ministério da Magia Britânica",Marieta Edgecombe,,,,,,,,,
"Antes de 1962[1], Grã-Bretanha ou Irlanda",Mestiço[2],Solteiro,,,,,,,,,,Castanhos,,,Desconhecida,Corpóreo[3],,,,Mundungo Fletcher,Branca,,,,,,,,
"1961, Grã-Bretanha[1]",Sangue puro,Solteiro,Inglês,R.A.B,Apanhador[2],,Humana,Masculino,,,Escuro[3],,"Fineus Nigellus Black (tataravô paterno/materno) †, Orion Black (pai/primo de segundo grau) †, Walburga Black (mãe/prima de segundo grau) †, Sirius Black III (irmão/primo de segundo grau) †, Lucretia Prewett (nascida Black) (tia paterna/prima materna de segundo grau), Ignatius Prewett (tio paterno), Alphard Black (tio paterno/primo paterno de segundo grau), Cygnus Black III (tio paterno/primo paterno de segundo grau), Druella Black (nascida Rosier) (tia materna), Belatriz Lestrange (nascida Black) (prima materna de primeiro grau/prima paterna de terceiro grau) †, Andrômeda Tonks (nascida Black) (prima materna de primeiro grau/prima paterna de terceiro grau), Narcisa Malfoy (nascida Black) (prima materna de primeiro grau/prima paterna de terceiro grau), Arcturus Black III (avô paterno/primo materno de primeiro grau) †, Melania Black (nascida Black) (avó paterna), Pollux Black (avô paterno/primo paterno de primeiro grau) †, Irma Black (nascida Crabbe) (avó paterna) †, Casa dos Black",,,Nenhum [4],, Sonserina,"Casa dos Black, Escola de Magia e Bruxaria de HogwartsSonserina[5]Time de quadribol da Sonserina[2], Sonserina[5]Time de quadribol da Sonserina[2], Time de quadribol da Sonserina[2], Comensais da Morte (anteriormente)",Régulo Arturo Black,,,"1979[1] (18 anos)Caverna de Cristal, Grã-Bretanha",,,,,,
"entre 1875 e 1975[1],Grã-Bretanha ou Irlanda[2]",Puro-sangue ou Mestiço (possívelmente)[3],,,,,,Humano,Masculino,,,Castanho,Cinza,Helen Dawlish (possívelmente),,Desconhecida,,,,"Ministério da Magia BritânicoDepartamento de Aurores, Departamento de Aurores, Família Dawlish",John Dawlish,Branco,,,,,,,,
,,,,,,,Humano[2],Feminino[2],,,,,"Angus McKinnon[3], Elspeth McKinnon[3], Família McKinnon[2]",,,,,,"Família McKinnon[4][2], Ordem da Fênix[2]",Marlene McKinnon,,,Julho de 1981[1],,,,,,
,,,britânico[2],,,,Humana[2],Feminino[2],,,Preto[3],Castanhos[3],,,,,,,"Família Meadowes, Ordem da Fênix[2]",Dorcas Meadowes,Escura[3],,1981[1],,,,,,
,Sangue puro,,Inglês,,,,Humana,Masculino,,,,,"Sr. Prewett (pai), Sra. Prewett (mãe), Gideão Prewett (irmão) †, Molly Weasley (irmã), Bilius (possível irmão), Arthur Weasley (cunhado), Gui Weasley (sobrinho), Carlinhos Weasley (sobrinho), Percy Weasley (sobrinho), Fred Weasley (sobrinho) †, Jorge Weasley (sobrinho), Rony Weasley (sobrinho), Gina Weasley (sobrinha), Tessie (possível tia), Ignatius Prewett (tio paterno), Lucretia Prewett (tia paterna), Primo de segundo grau, avó, Muriel (tia-avó[2]), Família Prewett",,,,,,"Família Prewett, Ordem da Fênix",Fábio Prewett,,,1981[1],,,,,,
1925,Puro-sangue[1],Viúva,,,,,Humana[1],Feminino[1],,,,,"Pollux Black (pai)[1]†, Irma Crabbe (mãe)[1]†, Cygnus Black III (irmão)[1]†, Alphard Black (irmão)[1]†, Druella Rosier (cunhada)[1]†, Órion Black  (marido)[1] †, Sirius Black  (filho)[1] †, Régulo Black  (filho)[1] †, Cygnus Black II (avô paterno)[1] †, Violetta Bulstrode (avó paterna)[1] †, Belatriz Lestrange (sobrinha)[1] †, Andrômeda Tonks (sobrinha)[1], Narcisa Malfoy (sobrinha)[1], Rodolfo Lestrange (nephew-in-law)[1], Ted Tonks (niece-in-law)[1] †, Ninfadora Tonks (sobrinha-neta)[1] †, Lúcio Malfoy (nephew-in-law)[1], Draco Malfoy (sobrinho-neto)[1], Casa dos Black",,,,,Sonserina[2],"Casa dos Black[1], Escola de Magia e Bruxaria de Hogwarts, Sonserina",Walburga Black,,,1985[1] (60 anos),,,,,,
,,,Britânico,,,,Humano,Masculino,,,,,"Marcus Fenwick (possível parente), Mervyn Fenwick (possível parente), Robbie Fenwick (possível parente), Família Fenwick",,,,,,Ordem da Fênix[2],Benjy Fenwick,,,1981[1],,,,,,
cerca de 1979 a 1981[1],Puro-sangue ou mestiço[2],,,,,,Humana,Masculino,,,Loiro,Castanhos,"Pai, Sally Smith (possivelmente), Hepzibá Smith (possivelmente) †, Helga Lufa-Lufa (possível ancestral) †",,,,,Lufa-Lufa,"Armada de Dumbledore (abandonou), Time de Quadribol da Lufa-Lufa, Hogwarts, Lufa-Lufa",Zacarias Smith,Clara,,,,,,,,
